ID,Title,type,address,valor,city,bedrooms,short_description,about_constructions,mapa,confort,vacancies,investments_repeater,imagem_principal,status
228406,"Sunset Itapecuru",apartamento,"Alameda Itapecuru, no 545 - Alphaville, Barueri - SP","R$ 2.500.000,00",barueri,"a:1:{i:0;s:9:""4-quartos"";}","O lazer mais completo de Alphaville","Além de estar extremamente bem localizado, na região central de Alphaville, o Sunset Itapecuru também foi desenvolvido para que o morador possa aproveitar a vista que o local oferece. Sendo assim, a arquiteta Renata Marques projetou o edifício de maneira que as suas varandas não dessem de encontro umas com as outras, dando privacidade à bela vista do nascer e do pôr do sol.","<iframe src=""https://www.google.com/maps/embed?pb=!1m18!1m12!1m3!1d3659.0853064246576!2d-46.84855412560972!3d-23.493436659098446!2m3!1f0!2f0!3f0!3m2!1i1024!2i768!4f13.1!3m3!1m2!1s0x94cf023dea534405%3A0x3ac4a89c1e5c2d24!2sAlameda%20Itapecuru%2C%20545%20-%20Alphaville%20Industrial%2C%20Barueri%20-%20SP%2C%2006454-080!5e0!3m2!1spt-BR!2sbr!4v1691610416875!5m2!1spt-BR!2sbr"" width=""600"" height=""450"" style=""border:0;"" allowfullscreen="""" loading=""lazy"" referrerpolicy=""no-referrer-when-downgrade""></iframe>",11,"a:1:{i:0;s:7:""4-vagas"";}",2,228496,"a:1:{i:0;s:7:""em-obra"";}"
228453,"Neo Alphaville",apartamento,"Av. Andrômeda, 328 - Alphaville Empresarial, Barueri - SP","R$ 2.100.000,00",barueri,"a:1:{i:0;s:9:""3-quartos"";}","Reinvente seu futuro","O Neo Alphaville está localizado em uma das regiões mais desejadas do bairro, com facilidade de acesso a vias estratégicas e conta com uma gama de comércios e serviços para facilitar o dia a dia, proporcionando muito mais tempo para aproveitar a vida.
Todos os apartamentos são privilegiados por uma sala de esquina e um elevador privativo com acesso ao terraço. Algo realmente especial, chegar em casa... Abrir a porta e ter a cada hora do dia uma luz, uma paisagem, um horizonte e a amplitude da região nos recebendo.","<iframe src=""https://www.google.com/maps/embed?pb=!1m18!1m12!1m3!1d3659.282161732456!2d-46.86291922362106!3d-23.48634425884256!2m3!1f0!2f0!3f0!3m2!1i1024!2i768!4f13.1!3m3!1m2!1s0x94cf0395d7eff2af%3A0xe5c216ed31a90a3a!2sNeo%20Alphaville!5e0!3m2!1spt-BR!2sbr!4v1693439561216!5m2!1spt-BR!2sbr"" width=""600"" height=""450"" style=""border:0;"" allowfullscreen="""" loading=""lazy"" referrerpolicy=""no-referrer-when-downgrade""></iframe>",13,"a:1:{i:0;s:7:""3-vagas"";}",1,228685,"a:1:{i:0;s:7:""em-obra"";}"
228584,Signature,apartamento,"Al. Manhattan, 193 - Alphagran, Barueri - SP","R$ 5.475.000,00",barueri,"a:2:{i:0;s:9:""4-quartos"";i:1;s:9:""3-quartos"";}","O Alto Luxo está de volta em um projeto icônico.","Localizado dentro do Alphagran, toda segurança em um condomínio com lazer mais que completo!","<iframe src=""https://www.google.com/maps/embed?pb=!1m18!1m12!1m3!1d3659.2606009780975!2d-46.863796423621245!3d-23.48712115887091!2m3!1f0!2f0!3f0!3m2!1i1024!2i768!4f13.1!3m3!1m2!1s0x94cf024c64c8f809%3A0x4b0ab3a15b474539!2sAl.%20Manhattan%2C%20193%20-%20Alphaville%20Empresarial%2C%20Barueri%20-%20SP!5e0!3m2!1spt-BR!2sbr!4v1694310168441!5m2!1spt-BR!2sbr"" width=""600"" height=""450"" style=""border:0;"" allowfullscreen="""" loading=""lazy"" referrerpolicy=""no-referrer-when-downgrade""></iframe>",10,"a:1:{i:0;s:7:""5-vagas"";}",3,228942,"a:1:{i:0;s:16:""breve-lancamento"";}"
228614,"Ekko Live Alpha One - Casas",casa,"Av. Marcos Penteado de Ulhôa Rodrigues, 1116 - Alphaville, Santana de Parnaíba - SP","R$ 2.800.000,00",santana-do-parnaiba,"a:3:{i:0;s:9:""3-quartos"";i:1;s:9:""2-quartos"";i:2;s:9:""4-quartos"";}","Novos tempos, novos ares","Além de contarem com seus ambientes de lazer privativos, nas casas ou nos apartamentos, os futuros moradores do EKKO LIVE terão à disposição uma infraestrutura de clube magnífica, com áreas ao ar livre ou em espaços cobertos, para todos os momentos e preferências. Até mesmo para trabalhar e fazer reuniões, quando necessário.","<iframe src=""https://www.google.com/maps/embed?pb=!1m18!1m12!1m3!1d3659.823030593992!2d-46.85709372362153!3d-23.46684715812869!2m3!1f0!2f0!3f0!3m2!1i1024!2i768!4f13.1!3m3!1m2!1s0x94cf03183556dac3%3A0xe5162d08b0bf051d!2sEKKO%20STORE%20ALPHAVILLE!5e0!3m2!1spt-BR!2sbr!4v1694451860297!5m2!1spt-BR!2sbr"" width=""600"" height=""450"" style=""border:0;"" allowfullscreen="""" loading=""lazy"" referrerpolicy=""no-referrer-when-downgrade""></iframe>",15,"a:1:{i:0;s:7:""3-vagas"";}",2,228624,"a:1:{i:0;s:7:""em-obra"";}"
228679,"Vista Alta",casa,"Av. Honório Álvares Penteado, 4875 - Tamboré, Santana de Parnaíba - SP","R$ 1.700.000,00",santana-do-parnaiba,"a:3:{i:0;s:9:""4-quartos"";i:1;s:9:""3-quartos"";i:2;s:9:""2-quartos"";}","Design naturalmente único","Um projeto inovador, que une o melhor da arquitetura contemporânea a uma reserva de mata intocada em uma região completa.
O Vista Alta Condomínio Residencial traz diversos diferenciais para inaugurar um novo ciclo de urbanismo em Alphaville/ Tamboré.","<iframe src=""https://www.google.com/maps/embed?pb=!1m18!1m12!1m3!1d3660.1170153620646!2d-46.825624523622096!3d-23.45624325774075!2m3!1f0!2f0!3f0!3m2!1i1024!2i768!4f13.1!3m3!1m2!1s0x94cefd0eba06971b%3A0x516d7f4e2e799e6b!2sVista%20Alta%20Condom%C3%ADnio%20Residencial!5e0!3m2!1spt-BR!2sbr!4v1696983766353!5m2!1spt-BR!2sbr"" width=""600"" height=""450"" style=""border:0;"" allowfullscreen="""" loading=""lazy"" referrerpolicy=""no-referrer-when-downgrade""></iframe>",13,"a:2:{i:0;s:7:""3-vagas"";i:1;s:7:""2-vagas"";}",2,228502,"a:1:{i:0;s:7:""em-obra"";}"
228683,Vitra,apartamento,"Av. Copacabana, 411 - Empresarial 18 do Forte, Barueri - SP","R$ 1.300.000,00",barueri,"a:2:{i:0;s:9:""3-quartos"";i:1;s:9:""2-quartos"";}","More na rua mais desejada de Alphaville","O Vitra é uma maravilha arquitetônica sem precedentes em Alphaville. Está situado na Avenida Copacabana, em um dos últimos terrenos do bairro mais charmoso da cidade. Vista incrível para o Parque 18 do Forte e ainda perto de tudo que você precisa. Grande parte do lazer do VITRA está na cobertura. É um espetáculo imaginar o que é desfrutar um final de semana sobre as árvores do parque 18 do Forte, e estar rodeado das melhores indicações gastronômicas de Alphaville.","<iframe src=""https://www.google.com/maps/embed?pb=!1m18!1m12!1m3!1d3659.3118777822388!2d-46.85518862362114!3d-23.485273458803324!2m3!1f0!2f0!3f0!3m2!1i1024!2i768!4f13.1!3m3!1m2!1s0x94cf024677bfce8d%3A0x9246a88c57e63781!2sAv.%20Copacabana%2C%20411%20-%20Empresarial%2018%20do%20Forte%2C%20Barueri%20-%20SP%2C%2006472-001!5e0!3m2!1spt-BR!2sbr!4v1696984221449!5m2!1spt-BR!2sbr"" width=""600"" height=""450"" style=""border:0;"" allowfullscreen="""" loading=""lazy"" referrerpolicy=""no-referrer-when-downgrade""></iframe>",1,"a:1:{i:0;s:7:""2-vagas"";}",2,228581,"a:1:{i:0;s:7:""em-obra"";}"
228713,MOB,apartamento,"R. Ten. Avelar Píres de Azevedo, 140","R$ 250.000,00",osasco,"a:2:{i:0;s:8:""1-quarto"";i:1;s:9:""2-quartos"";}","Conforto, praticidade e lazer além das medidas","Você acaba de chegar a uma das suas mais importantes conquistas. 
Mob Apartments traz conforto na medida certa, com lazer completo e muita facilidade para ir e vir.
É a sua vida no passo certo. Bem-vindo ao seu futuro lar.","<iframe src=""https://www.google.com/maps/embed?pb=!1m18!1m12!1m3!1d3658.0738291456237!2d-46.7816307236198!3d-23.5298468604372!2m3!1f0!2f0!3f0!3m2!1i1024!2i768!4f13.1!3m3!1m2!1s0x94ceff58a5febcd3%3A0x63b9ea42aa6762b8!2sR.%20Ten.%20Avelar%20P%C3%ADres%20de%20Azevedo%2C%20140%20-%20Centro%2C%20Osasco%20-%20SP%2C%2006016-065!5e0!3m2!1spt-BR!2sbr!4v1696983208777!5m2!1spt-BR!2sbr"" width=""600"" height=""450"" style=""border:0;"" allowfullscreen="""" loading=""lazy"" referrerpolicy=""no-referrer-when-downgrade""></iframe>",5,"a:2:{i:0;s:6:""1-vaga"";i:1;s:7:""0-vagas"";}",5,228686,"a:1:{i:0;s:7:""em-obra"";}"
228729,"Ekko Live Alpha One - Apartamentos",apartamento,"Av. Marcos Penteado de Ulhôa Rodrigues, 1116 - Alphaville, Santana de Parnaíba - SP","R$ 1.500.000,00",santana-do-parnaiba,"a:3:{i:0;s:9:""3-quartos"";i:1;s:9:""2-quartos"";i:2;s:9:""4-quartos"";}","Novos tempos, novos ares","Além de contarem com seus ambientes de lazer privativos, nas casas ou nos apartamentos, os futuros moradores do EKKO LIVE terão à disposição uma infraestrutura de clube magnífica, com áreas ao ar livre ou em espaços cobertos, para todos os momentos e preferências. Até mesmo para trabalhar e fazer reuniões, quando necessário.","<iframe src=""https://www.google.com/maps/embed?pb=!1m18!1m12!1m3!1d3659.823030593992!2d-46.85709372362153!3d-23.46684715812869!2m3!1f0!2f0!3f0!3m2!1i1024!2i768!4f13.1!3m3!1m2!1s0x94cf03183556dac3%3A0xe5162d08b0bf051d!2sEKKO%20STORE%20ALPHAVILLE!5e0!3m2!1spt-BR!2sbr!4v1694451860297!5m2!1spt-BR!2sbr"" width=""600"" height=""450"" style=""border:0;"" allowfullscreen="""" loading=""lazy"" referrerpolicy=""no-referrer-when-downgrade""></iframe>",14,"a:1:{i:0;s:7:""3-vagas"";}",2,228732,"a:1:{i:0;s:7:""em-obra"";}"
228771,"Ekko Live 2 Alpha Senses",casa,"Av. Marcos Penteado de Ulhôa Rodrigues, 800 - Tamboré, Barueri - SP","R$ 2.500.000,00",santana-do-parnaiba,"a:3:{i:0;s:9:""3-quartos"";i:1;s:9:""4-quartos"";i:2;s:9:""2-quartos"";}","Novos tempos, novos ares","Além de contarem com seus ambientes de lazer privativos, nas casas ou nos apartamentos, os futuros moradores do EKKO LIVE terão à disposição uma infraestrutura de clube magnífica, com áreas ao ar livre ou em espaços cobertos, para todos os momentos e preferências. Até mesmo para trabalhar e fazer reuniões, quando necessário.","<iframe src=""https://www.google.com/maps/embed?pb=!1m18!1m12!1m3!1d3659.9041046727184!2d-46.86449421212663!3d-23.463923303516534!2m3!1f0!2f0!3f0!3m2!1i1024!2i768!4f13.1!3m3!1m2!1s0x94cf02fcaf0fa3bb%3A0x4978a6a374f65994!2sAv.%20Marcos%20Penteado%20de%20Ulh%C3%B4a%20Rodrigues%2C%20800%20-%20Tambor%C3%A9%2C%20Barueri%20-%20SP%2C%2065430-001!5e0!3m2!1spt-BR!2sbr!4v1694472203788!5m2!1spt-BR!2sbr"" width=""600"" height=""450"" style=""border:0;"" allowfullscreen="""" loading=""lazy"" referrerpolicy=""no-referrer-when-downgrade""></iframe>",18,"a:1:{i:0;s:7:""3-vagas"";}",2,228734,"a:1:{i:0;s:16:""breve-lancamento"";}"
228772,Garden,apartamento,"R. Dr. Paulo Ferraz da Costa Águiar, 1418 - Vila Yara, Osasco - SP","R$ 3.000.000,00",osasco,"a:2:{i:0;s:9:""4-quartos"";i:1;s:9:""3-quartos"";}","Genuinamente nobre","Imagine a possibilidade de viver em meio a um dos bairros mais nobres e charmosos da região - repleto de áreas verdes, bem-estar e qualidade de vida. O mais recente lançamento da Ekko Group mostra um novo estilo de vida com conforto, luxo e sofisticação, com uma vista admirável para o São Francisco Golf Club.","<iframe src=""https://www.google.com/maps/embed?pb=!1m18!1m12!1m3!1d3657.380797594942!2d-46.767891412111595!3d-23.55476330668546!2m3!1f0!2f0!3f0!3m2!1i1024!2i768!4f13.1!3m3!1m2!1s0x94ce55f5f0bc8b13%3A0x698fb09b99f05541!2sR.%20Dr.%20Paulo%20Ferraz%20da%20Costa%20%C3%81guiar%2C%201418%20-%20Vila%20Yara%2C%20Osasco%20-%20SP%2C%2006026-090!5e0!3m2!1spt-BR!2sbr!4v1694481998875!5m2!1spt-BR!2sbr"" width=""600"" height=""450"" style=""border:0;"" allowfullscreen="""" loading=""lazy"" referrerpolicy=""no-referrer-when-downgrade""></iframe>",16,"a:1:{i:0;s:7:""4-vagas"";}",1,228773,"a:1:{i:0;s:6:""pronto"";}"
229019,Altto,apartamento,"Av. Lucianinho Meli, 444 - Vila Osasco, Osasco - SP","R$ 480.000,00",osasco,"a:2:{i:0;s:9:""3-quartos"";i:1;s:9:""2-quartos"";}","Sua vida em alto nível","Completo como todo Dubai.
Com uma portaria imponente, você vai experimentar morar em um destaque do seu bairro. 
Bem estar e beleza em outro patamar, receba seus convidados em alto estilo e tenha uma piscina privativa como destaque de suas
comemorações.","<iframe src=""https://www.google.com/maps/embed?pb=!1m18!1m12!1m3!1d3657.7572834249795!2d-46.78523822433051!3d-23.54123066085358!2m3!1f0!2f0!3f0!3m2!1i1024!2i768!4f13.1!3m3!1m2!1s0x94ceff8e7f461ad3%3A0x50dc65e8b1194536!2sAltto%20Bela%20Vista!5e0!3m2!1spt-BR!2sbr!4v1697224429764!5m2!1spt-BR!2sbr"" width=""600"" height=""450"" style=""border:0;"" allowfullscreen="""" loading=""lazy"" referrerpolicy=""no-referrer-when-downgrade""></iframe>",15,"a:2:{i:0;s:7:""2-vagas"";i:1;s:7:""3-vagas"";}",7,230582,"a:1:{i:0;s:7:""em-obra"";}"
229020,Ápice,apartamento,"R. Rosa D'ângelo Pisapia, 70 - Vila Yara, Osasco - SP","R$ 580.000,00",osasco,"a:3:{i:0;s:8:""1-quarto"";i:1;s:9:""2-quartos"";i:2;s:9:""3-quartos"";}","Pensamos em tudo para que sua única preocupação seja curtir cada momento","A chegada da Dubai no Vila Yara não poderia ser melhor. O Ápice representa não só o alto nível que  você atingirá mas também o auge de nossa trajetória até aqui.","<iframe src=""https://www.google.com/maps/embed?pb=!1m14!1m8!1m3!1d14630.15105576889!2d-46.759978!3d-23.5491221!3m2!1i1024!2i768!4f13.1!3m3!1m2!1s0x94ceff9a30a2ce55%3A0x9a917b6d9f141a0b!2s%C3%81pice%20Vila%20Yara!5e0!3m2!1spt-BR!2sbr!4v1697221475444!5m2!1spt-BR!2sbr"" width=""600"" height=""450"" style=""border:0;"" allowfullscreen="""" loading=""lazy"" referrerpolicy=""no-referrer-when-downgrade""></iframe>",14,"a:2:{i:0;s:6:""1-vaga"";i:1;s:7:""2-vagas"";}",2,229121,"a:1:{i:0;s:16:""breve-lancamento"";}"
229120,"Infinity Home Club",apartamento,"Av. Alberto Santos Dumont, 448 - Vila Osasco, Osasco - SP","R$ 500.000,00",osasco,"a:3:{i:0;s:9:""3-quartos"";i:1;s:9:""2-quartos"";i:2;s:8:""1-quarto"";}","Seus dias aqui podem ser escritos de infinitas formas","Perto de tudo, com arquitetura diferenciada que será destaque na região.
Estilo e sofisticação em todos os ambientes. Um clube completo!
Mergulhe em infinitas possibilidades para curtir o lazer como desejar.  ","<iframe src=""https://www.google.com/maps/embed?pb=!1m18!1m12!1m3!1d3657.714405540991!2d-46.78835062433042!3d-23.54277226091013!2m3!1f0!2f0!3f0!3m2!1i1024!2i768!4f13.1!3m3!1m2!1s0x94ceff1657013d2b%3A0x1488d39d74aca9fe!2sInfinity%20Home%20Club!5e0!3m2!1spt-BR!2sbr!4v1697227837008!5m2!1spt-BR!2sbr"" width=""600"" height=""450"" style=""border:0;"" allowfullscreen="""" loading=""lazy"" referrerpolicy=""no-referrer-when-downgrade""></iframe>",7,"a:2:{i:0;s:7:""2-vagas"";i:1;s:7:""3-vagas"";}",3,230581,"a:1:{i:0;s:7:""em-obra"";}"
229161,Trend,apartamento,"Av. Santo Antônio, 249 - Vila Osasco, Osasco - SP","R$ 650.000,00",osasco,"a:3:{i:0;s:8:""1-quarto"";i:1;s:9:""2-quartos"";i:2;s:9:""3-quartos"";}","Se é trend, você encontra aqui ","Pessoas como você merecem serviços exclusivos para uma comodidade 5 estrelas, com mais praticidade e tempo para o seu dia a dia. No Trend até a recepção dos seus convidados sera tendencia. Inove o seu jeito de trabalhar e conviver em ambientes sofisticados para tornar toda celebração inesquecível  ","<iframe src=""https://www.google.com/maps/embed?pb=!1m18!1m12!1m3!1d7315.728965451081!2d-46.787953156582155!3d-23.537376079041383!2m3!1f0!2f0!3f0!3m2!1i1024!2i768!4f13.1!3m3!1m2!1s0x94ceff5fb13fba53%3A0x3e4073b1d074e17c!2sTrend%20por%20Dubai!5e0!3m2!1spt-BR!2sbr!4v1697233771209!5m2!1spt-BR!2sbr"" width=""600"" height=""450"" style=""border:0;"" allowfullscreen="""" loading=""lazy"" referrerpolicy=""no-referrer-when-downgrade""></iframe>",12,"a:2:{i:0;s:6:""1-vaga"";i:1;s:7:""2-vagas"";}",2,229172,"a:1:{i:0;s:7:""em-obra"";}"
229509,Griffe,apartamento,"R. Machado de Assis, 879 - Bela Vista, Osasco - SP","R$ 1.250.000,00",osasco,"a:3:{i:0;s:9:""2-quartos"";i:1;s:9:""3-quartos"";i:2;s:9:""4-quartos"";}","A união de todos os seus desejos","União entre design e sofisticação. Projeto criado por arquitetos renomados que lhe trarão uma experiência única.
Na melhor localização de Osasco. A poucos minutos de São Paulo, próximo dos melhores shoppings, comércios e instituições.
Mais do que opções de plantas. A sua escolha de planta.","<iframe src=""https://www.google.com/maps/embed?pb=!1m18!1m12!1m3!1d3657.842758714943!2d-46.782633323619784!3d-23.53815726074214!2m3!1f0!2f0!3f0!3m2!1i1024!2i768!4f13.1!3m3!1m2!1s0x94ceff431624abf7%3A0x46432b42f76dda81!2sGriffe%20por%20Dubai!5e0!3m2!1spt-BR!2sbr!4v1697308055948!5m2!1spt-BR!2sbr"" width=""600"" height=""450"" style=""border:0;"" allowfullscreen="""" loading=""lazy"" referrerpolicy=""no-referrer-when-downgrade""></iframe>",17,"a:2:{i:0;s:7:""2-vagas"";i:1;s:7:""3-vagas"";}",2,229339,"a:1:{i:0;s:7:""em-obra"";}"
229514,Art,apartamento,"R. Alice Manholer Piteri, 362 - Centro, Osasco - SP","R$ 640.000",osasco,"a:2:{i:0;s:8:""1-quarto"";i:1;s:9:""2-quartos"";}","Simetria entre conforto e praticidade na melhor localização de Osasco","A Dubai traz o design residencial inteiramente criado para seu estilo de viver. Um projeto que se adapta à sua rotina.","<iframe src=""https://www.google.com/maps/embed?pb=!1m14!1m8!1m3!1d14631.14251516807!2d-46.7765141!3d-23.5402115!3m2!1i1024!2i768!4f13.1!3m3!1m2!1s0x94ceff330f51ce7d%3A0x4a46b390aa2618f3!2sArt%20Bela%20Vista!5e0!3m2!1spt-BR!2sbr!4v1697309928098!5m2!1spt-BR!2sbr"" width=""600"" height=""450"" style=""border:0;"" allowfullscreen="""" loading=""lazy"" referrerpolicy=""no-referrer-when-downgrade""></iframe>",13,"a:2:{i:0;s:6:""1-vaga"";i:1;s:7:""2-vagas"";}",2,229233,"a:1:{i:0;s:6:""pronto"";}"
229515,"Air Home Clube & Residences",apartamento,"Av. Dionysia Alves Barreto, 655 - Bela Vista, Osasco - SP","R$ 670.000",osasco,"a:3:{i:0;s:8:""1-quarto"";i:1;s:9:""2-quartos"";i:2;s:9:""3-quartos"";}","Ar de sofistivação e modernidade no mais novo projeto assinado pela Dubai","Bem-vindo ao Air Club & Residences, o lugar que vai mudar seu conceito de vir. Aqui a vida é mais bem aproveitada, com áreas de lazer e apartamentos sem igual. De Sports Bar à Garagem Band, para cada conquista sua, existe um espaço para receber amigos e família e celebrar. Descubra novos ares de sofisticação, modernidade e compartilhe momentos incríveis com aqueles que ama.","<iframe src=""https://www.google.com/maps/embed?pb=!1m14!1m8!1m3!1d14631.920460439813!2d-46.7857765!3d-23.5332176!3m2!1i1024!2i768!4f13.1!3m3!1m2!1s0x94ceff1eeb777bd3%3A0xa842fb083af824e3!2sAir%20Club%20%26%20Residences!5e0!3m2!1spt-BR!2sbr!4v1697312844858!5m2!1spt-BR!2sbr"" width=""600"" height=""450"" style=""border:0;"" allowfullscreen="""" loading=""lazy"" referrerpolicy=""no-referrer-when-downgrade""></iframe>",13,"a:3:{i:0;s:6:""1-vaga"";i:1;s:7:""2-vagas"";i:2;s:7:""3-vagas"";}",8,230579,"a:1:{i:0;s:7:""em-obra"";}"
229516,Marcco,apartamento,"Av. Santo Antônio, 2092 - Vila Osasco, Osasco - SP","R$ 1.400.000,00",osasco,"a:2:{i:0;s:9:""2-quartos"";i:1;s:9:""3-quartos"";}","Seu bem-estar superior e absoluto","A Dubai apresente o projeto que marca a chegada do mais elevado padrão de bem-estar em Osasco","<iframe src=""https://www.google.com/maps/embed?pb=!1m18!1m12!1m3!1d3657.670640445008!2d-46.778266423619506!3d-23.544345660969316!2m3!1f0!2f0!3f0!3m2!1i1024!2i768!4f13.1!3m3!1m2!1s0x94ceff19e4dece4b%3A0x78ba8670aa1bd7da!2sMarcco%20Bela%20Vista!5e0!3m2!1spt-BR!2sbr!4v1697313930653!5m2!1spt-BR!2sbr"" width=""600"" height=""450"" style=""border:0;"" allowfullscreen="""" loading=""lazy"" referrerpolicy=""no-referrer-when-downgrade""></iframe>",17,"a:2:{i:0;s:7:""2-vagas"";i:1;s:7:""3-vagas"";}",1,230430,"a:1:{i:0;s:6:""pronto"";}"
229517,Natu,apartamento,"R. Dionísio de Camargo, 110 - Bela Vista, Osasco - SP","R$ 400.000,00",osasco,"a:2:{i:0;s:9:""2-quartos"";i:1;s:8:""1-quarto"";}","Um lugar único. Onde sua vida se completa naturalmente.","SABE AQUELA HISTÓRIA “QUALIDADE DE VIDA, MESMO, SÓ NO MEIO DA NATUREZA”?
E se eu te contar que você pode viver assim também na cidade. Aqui mesmo, pertinho de você. Viver bem não precisa ser uma busca complicada. E muito menos demorada.
É só sair do automático, otimizar seu tempo, encontrar o seu lugar e lembrar de quem você é. Deixar as coisas fluírem naturalmente.","<iframe src=""https://www.google.com/maps/embed?pb=!1m18!1m12!1m3!1d3657.9289631239403!2d-46.78602362361969!3d-23.53505726062846!2m3!1f0!2f0!3f0!3m2!1i1024!2i768!4f13.1!3m3!1m2!1s0x94ceff44aafb8fc5%3A0xaaccec2ac17ace34!2sNatu%20Vertical%20Gardens!5e0!3m2!1spt-BR!2sbr!4v1697320637938!5m2!1spt-BR!2sbr"" width=""600"" height=""450"" style=""border:0;"" allowfullscreen="""" loading=""lazy"" referrerpolicy=""no-referrer-when-downgrade""></iframe>",18,"a:2:{i:0;s:7:""2-vagas"";i:1;s:6:""1-vaga"";}",2,229325,"a:1:{i:0;s:7:""em-obra"";}"
229520,"DUQ Central Houses",apartamento,"R. Duque de Caxias, 614 - Centro, Barueri - SP","R$ 670.000,00",osasco,"a:3:{i:0;s:8:""1-quarto"";i:1;s:9:""2-quartos"";i:2;s:9:""3-quartos"";}","Uma torre única de apartamentos com a metragem que Barueri sempre quis."," A localização privilegiada de uma das ruas mais tradicionais da cidade. Além de um lazer completo e generoso para deixar seu dia a dia muito mais ativo e exclusivo.","<iframe src=""https://www.google.com/maps/embed?pb=!1m14!1m8!1m3!1d14634.897536782208!2d-46.8733935!3d-23.5064349!3m2!1i1024!2i768!4f13.1!3m3!1m2!1s0x94cf03e6c3dd7bef%3A0x30cd301b61327442!2sDUQ%20Central%20Houses!5e0!3m2!1spt-BR!2sbr!4v1697323094883!5m2!1spt-BR!2sbr"" width=""600"" height=""450"" style=""border:0;"" allowfullscreen="""" loading=""lazy"" referrerpolicy=""no-referrer-when-downgrade""></iframe>",14,"a:2:{i:0;s:6:""1-vaga"";i:1;s:7:""2-vagas"";}",2,229443,"a:2:{i:0;s:7:""em-obra"";i:1;s:16:""breve-lancamento"";}"
229521,"Canto da Mata",apartamento,"R. Conde Luiz Eduardo Matarazzo, 261 - Cidade São Francisco, Osasco - SP","R$ 1.300.000,00",osasco,"a:3:{i:0;s:9:""2-quartos"";i:1;s:9:""3-quartos"";i:2;s:9:""4-quartos"";}","A natureza está  em cada um de nós","É através dela que nos conectamos com as nossas raízes. Sentimos a nossa essência respirando o ar puro do alto da mata. E recarregamos as nossas energias ouvindo o canto que vem das árvores.

Quando o sol ilumina o céu, encontramos paz e tranquilidade. Passamos a viver a vida real, sem filtros.
Olhamos para dentro e enxergamos quem somos. E descobrimos um lugar onde podemos viver, sentir e nos conectar.","<iframe src=""https://www.google.com/maps/embed?pb=!1m18!1m12!1m3!1d3657.249904330125!2d-46.7642393!3d-23.559466500000003!2m3!1f0!2f0!3f0!3m2!1i1024!2i768!4f13.1!3m3!1m2!1s0x94ce55f478341947%3A0xc16741829d53c87c!2sR.%20Conde%20Luiz%20Eduardo%20Matarazzo%2C%20261%20-%20Cidade%20S%C3%A3o%20Francisco%2C%20Osasco%20-%20SP%2C%2005356-000!5e0!3m2!1spt-BR!2sbr!4v1699826157045!5m2!1spt-BR!2sbr"" width=""600"" height=""450"" style=""border:0;"" allowfullscreen="""" loading=""lazy"" referrerpolicy=""no-referrer-when-downgrade""></iframe>",7,"a:1:{i:0;s:7:""2-vagas"";}",3,231237,"a:1:{i:0;s:7:""em-obra"";}"
229523,"Alto da Mata",apartamento,"R. Conde Luiz Eduardo Matarazzo, 271 - Cidade São Francisco, Osasco - SP","R$ 1.728.000,00",osasco,"a:2:{i:0;s:9:""3-quartos"";i:1;s:9:""4-quartos"";}","Um lugar onde podemos viver, sentir e nos conectar.","A natureza está em cada um de nós.
É através dela que nos conectamos com as nossas raízes.
Sentimos a nossa essência respirando o ar puro do alto da mata.
E recarregamos as nossas energias ouvindo o canto que vem das árvores.
Quando o sol ilumina o céu, encontramos paz e tranquilidade. Passamos a viver a vida real, sem filtros.
Olhamos para dentro e enxergamos quem somos.
E descobrimos um lugar onde podemos viver, sentir e nos conectar.","<iframe src=""https://www.google.com/maps/embed?pb=!1m18!1m12!1m3!1d3657.252184948048!2d-46.76716422361897!3d-23.559384561521703!2m3!1f0!2f0!3f0!3m2!1i1024!2i768!4f13.1!3m3!1m2!1s0x94ce558e2c868765%3A0x50382a7df8cd6ff3!2sR.%20Conde%20Luiz%20Eduardo%20Matarazzo%2C%20271%20-%20Cidade%20S%C3%A3o%20Francisco%2C%20Osasco%20-%20SP%2C%2005356-000!5e0!3m2!1spt-BR!2sbr!4v1697434420626!5m2!1spt-BR!2sbr"" width=""600"" height=""450"" style=""border:0;"" allowfullscreen="""" loading=""lazy"" referrerpolicy=""no-referrer-when-downgrade""></iframe>",15,"a:1:{i:0;s:7:""3-vagas"";}",1,229559,"a:1:{i:0;s:7:""em-obra"";}"
229638,Iconic,apartamento,"R. Dr. Alcídes da Costa Vidigal, 129 - Centro, Osasco - SP","R$ 570.000,00",osasco,"a:3:{i:0;s:9:""3-quartos"";i:1;s:9:""2-quartos"";i:2;s:8:""1-quarto"";}","Chega um imóvel ícone na cidade","Osasco recebe um novo conceito de viver com qualidade de vida e bem-estar, em um projeto icônico localizado na região mais bem servida da cidade.","<iframe src=""https://www.google.com/maps/embed?pb=!1m18!1m12!1m3!1d3658.031835459538!2d-46.78490772361988!3d-23.5313573604926!2m3!1f0!2f0!3f0!3m2!1i1024!2i768!4f13.1!3m3!1m2!1s0x94ceffc887b0faf1%3A0xdcb89bc5a13b2f51!2sIconic%20Osasco!5e0!3m2!1spt-BR!2sbr!4v1697729931653!5m2!1spt-BR!2sbr"" width=""600"" height=""450"" style=""border:0;"" allowfullscreen="""" loading=""lazy"" referrerpolicy=""no-referrer-when-downgrade""></iframe>",9,"a:1:{i:0;s:7:""2-vagas"";}",2,229657,"a:1:{i:0;s:7:""em-obra"";}"
229673,"Helbor New Patteo",apartamento,"Av. Analice Sakatauskas, 867 - Bela Vista, Osasco - SP","R$ 480.000,00",osasco,"a:2:{i:0;s:9:""3-quartos"";i:1;s:9:""2-quartos"";}","A Essência do Sucesso Residencial em Expansão","O Helbor New Patteo traz o consagrado conceito de residencial de sucesso da cidade de São Paulo, proporcionando uma experiência única aos moradores. Esse projeto inovador combina o conforto e a exclusividade de um lar moderno com a conveniência de ter um mall com tudo o que você precisa ao seu alcance.","<iframe src=""https://www.google.com/maps/embed?pb=!1m18!1m12!1m3!1d3657.412227205367!2d-46.782510223600084!3d-23.55363386131044!2m3!1f0!2f0!3f0!3m2!1i1024!2i768!4f13.1!3m3!1m2!1s0x94ceffdb370ec6a5%3A0x6d7452a341e808a3!2sHelbor%20New%20Patteo%20Osasco!5e0!3m2!1spt-BR!2sbr!4v1697998609312!5m2!1spt-BR!2sbr"" width=""600"" height=""450"" style=""border:0;"" allowfullscreen="""" loading=""lazy"" referrerpolicy=""no-referrer-when-downgrade""></iframe>",5,"a:1:{i:0;s:6:""1-vaga"";}",3,229674,"a:1:{i:0;s:7:""em-obra"";}"
229720,Legend,apartamento,"R. Antônia Bizarro, 163 - Vila Osasco, Osasco - SP","R$ 840.000,00",osasco,"a:2:{i:0;s:9:""2-quartos"";i:1;s:9:""3-quartos"";}","Nosso legado fará parte da sua história","Nascemos anônimos para construir nosso próprio destino e fazermos da nossa jornada, uma bela história!
Inspirados por espaços grandiosos e por realização de sonhos, chegamos a um importante momento do nosso legado!","<iframe src=""https://www.google.com/maps/embed?pb=!1m18!1m12!1m3!1d3657.7724497020536!2d-46.78275602360073!3d-23.54068536083492!2m3!1f0!2f0!3f0!3m2!1i1024!2i768!4f13.1!3m3!1m2!1s0x94ceff0ccf4c0fa5%3A0x893ebeac6b943c77!2sR.%20Ant%C3%B4nia%20Bizarro%2C%20163%20-%20Vila%20Osasco%2C%20Osasco%20-%20SP%2C%2006083-160!5e0!3m2!1spt-BR!2sbr!4v1698089846203!5m2!1spt-BR!2sbr"" width=""600"" height=""450"" style=""border:0;"" allowfullscreen="""" loading=""lazy"" referrerpolicy=""no-referrer-when-downgrade""></iframe>",16,"a:2:{i:0;s:7:""2-vagas"";i:1;s:7:""3-vagas"";}",2,230578,"a:1:{i:0;s:16:""breve-lancamento"";}"
229863,Fiori,apartamento,"Av. Copacabana, 525 - Empresarial 18 do Forte, Barueri - SP","R$ 480.000,00",barueri,"a:1:{i:0;s:8:""1-quarto"";}","Viva o poder da natureza","Inspirado nos projetos mais premiados do mundo, no melhor bairro de Alphaville, em frente ao parque 18 do forte. Glamour e sofisticação.
Morar no Fiori Alphaville é estar rodeado pelo que há de melhor em segurança, qualidade de vida, sofisticação e facilidades.
A região conta com a excelência em educação, gastronomia e lazer privilegiado pelo belo parque de 22 mil m2 de área verde.
O ELO PERFEITO ENTRE A SOFISTICAÇÃO, VOCÊ E A NATUREZA.","<iframe src=""https://www.google.com/maps/embed?pb=!1m18!1m12!1m3!1d3659.3201030300074!2d-46.8553517236022!3d-23.484977058792374!2m3!1f0!2f0!3f0!3m2!1i1024!2i768!4f13.1!3m3!1m2!1s0x94cf039d9c73502f%3A0xd3d3bbdde12e0f5f!2sFiori%20Alphaville!5e0!3m2!1spt-BR!2sbr!4v1698353145911!5m2!1spt-BR!2sbr"" width=""600"" height=""450"" style=""border:0;"" allowfullscreen="""" loading=""lazy"" referrerpolicy=""no-referrer-when-downgrade""></iframe>",4,"a:2:{i:0;s:7:""0-vagas"";i:1;s:6:""1-vaga"";}",3,229879,"a:1:{i:0;s:7:""em-obra"";}"
229864,Shape,apartamento," Av. Copacabana, 394 - Empresarial 18 do Forte - Alphaville, Barueri - SP","R$ 520.000,00",barueri,"a:2:{i:0;s:8:""1-quarto"";i:1;s:9:""2-quartos"";}","Disruptivos, inquietos, apaixonados e inovadores","Desafiamos as leis da arquitetura e criamos um empreendimento icônico e atemporal","<iframe src=""https://www.google.com/maps/embed?pb=!1m14!1m8!1m3!1d7318.616676840883!2d-46.853027!3d-23.485401!3m2!1i1024!2i768!4f13.1!3m3!1m2!1s0x94cf02467374a9e5%3A0x2e80d22bbb3dc72e!2sAv.%20Copacabana%2C%20500%20-%20Empresarial%2018%20do%20Forte%2C%20Barueri%20-%20SP%2C%2013104-082!5e0!3m2!1spt-BR!2sbr!4v1698353559852!5m2!1spt-BR!2sbr"" width=""600"" height=""450"" style=""border:0;"" allowfullscreen="""" loading=""lazy"" referrerpolicy=""no-referrer-when-downgrade""></iframe>",2,"a:2:{i:0;s:6:""1-vaga"";i:1;s:7:""2-vagas"";}",3,229866,"a:1:{i:0;s:6:""pronto"";}"
229928,"On The Park",apartamento,"Av. Andrômeda, 2.000 - Alphaville, Barueri - SP","R$ 660.000,00",barueri,"a:3:{i:0;s:8:""1-quarto"";i:1;s:9:""2-quartos"";i:2;s:9:""3-quartos"";}","Seu mundo visto de cima.","O privilégio de ter um parque aos seus pés e uma vista extraordinária.","<iframe src=""https://www.google.com/maps/embed?pb=!1m18!1m12!1m3!1d3659.2800117925576!2d-46.8729992746722!3d-23.486421728851358!2m3!1f0!2f0!3f0!3m2!1i1024!2i768!4f13.1!3m3!1m2!1s0x94cf03ae023407f1%3A0x6b23cdec4ea861d4!2sGreen%20Valley%20Office%20Park!5e0!3m2!1spt-BR!2sbr!4v1698693952678!5m2!1spt-BR!2sbr"" width=""600"" height=""450"" style=""border:0;"" allowfullscreen="""" loading=""lazy"" referrerpolicy=""no-referrer-when-downgrade""></iframe>",5,"a:3:{i:0;s:7:""0-vagas"";i:1;s:6:""1-vaga"";i:2;s:7:""2-vagas"";}",5,229939,"a:1:{i:0;s:7:""em-obra"";}"
229929,Oásis,apartamento,"Al. Washington, 824 - Alphaville, Barueri - SP","R$ 780.000,00",barueri,"a:2:{i:0;s:8:""1-quarto"";i:1;s:9:""2-quartos"";}","Um oásis pra você chamar de seu","Crie histórias únicas no Oásis, o verdadeiro paraíso
Um paraíso inserido em um ambiente de natureza exuberante.
O design elegante e atemporal do Oásis, com suas linhas orgânicas e sua imponência, tem inspiração nos resorts mais sofisticados do mundo.
","<iframe src=""https://www.google.com/maps/embed?pb=!1m18!1m12!1m3!1d3659.214571553433!2d-46.865524023602!3d-23.488779658931687!2m3!1f0!2f0!3f0!3m2!1i1024!2i768!4f13.1!3m3!1m2!1s0x94cf03f8f822d859%3A0x140462401b3db493!2sOASIS%20HOME%20RESORT%20-%20CNA%20SPITALETTI!5e0!3m2!1spt-BR!2sbr!4v1698696788453!5m2!1spt-BR!2sbr"" width=""600"" height=""450"" style=""border:0;"" allowfullscreen="""" loading=""lazy"" referrerpolicy=""no-referrer-when-downgrade""></iframe>",7,"a:2:{i:0;s:6:""1-vaga"";i:1;s:7:""2-vagas"";}",5,229994,"a:1:{i:0;s:7:""em-obra"";}"
230039,Singular,casa,"Av. Marcos Penteado de Ulhôa Rodrigues, 3095, Santana de Parnaíba - SP","R$ 2.760.000,00",santana-do-parnaiba,"a:3:{i:0;s:9:""3-quartos"";i:1;s:9:""2-quartos"";i:2;s:9:""4-quartos"";}","Naturalmente do seu jeito","Um lugar repleto de personalidade inspirado em uma identidade única: a sua.
","<iframe src=""https://www.google.com/maps/embed?pb=!1m18!1m12!1m3!1d4770.161133076364!2d-46.8461592236025!3d-23.46681485812756!2m3!1f0!2f0!3f0!3m2!1i1024!2i768!4f13.1!3m3!1m2!1s0x94cf02f53870c3af%3A0xce44ce3089f03b27!2sAv.%20Marcos%20Penteado%20de%20Ulh%C3%B4a%20Rodrigues%2C%203095%2C%20Santana%20de%20Parna%C3%ADba%20-%20SP!5e1!3m2!1spt-BR!2sbr!4v1698758313854!5m2!1spt-BR!2sbr"" width=""600"" height=""450"" style=""border:0;"" allowfullscreen="""" loading=""lazy"" referrerpolicy=""no-referrer-when-downgrade""></iframe>",14,"a:3:{i:0;s:7:""3-vagas"";i:1;s:7:""2-vagas"";i:2;s:7:""4-vagas"";}",2,230067,"a:1:{i:0;s:7:""em-obra"";}"
230070,"Hum Bela vista",apartamento,"R. Padre Donizete, 234 - Cipava, Osasco - SP","R$ 250.000,00",osasco,"a:2:{i:0;s:8:""1-quarto"";i:1;s:9:""2-quartos"";}","Charme e Facilidade como nenhum outro","O Hum Bela vista foi planejado para facilitar o dia a dia e otimizar seu tempo, reunindo em uma única torre espaços modernos em 4 complexos de lazer integrado, em conceito aberto e opções de plantas Loft, Apartamentos com 1 ou 2 Suítes e Duplex.","<iframe src=""https://www.google.com/maps/embed?pb=!1m14!1m8!1m3!1d14630.581960042531!2d-46.7854331!3d-23.5452498!3m2!1i1024!2i768!4f13.1!3m3!1m2!1s0x94ceff6d99fae437%3A0x6284a143ce9ff7f4!2sHUM%20Bela%20Vista!5e0!3m2!1spt-BR!2sbr!4v1698848891074!5m2!1spt-BR!2sbr"" width=""600"" height=""450"" style=""border:0;"" allowfullscreen="""" loading=""lazy"" referrerpolicy=""no-referrer-when-downgrade""></iframe>",1,"a:2:{i:0;s:6:""1-vaga"";i:1;s:7:""2-vagas"";}",2,230431,"a:1:{i:0;s:7:""em-obra"";}"
230281,"Residencial Aut 2750",apartamento,"Av. dos Autonomistas, 2750 - Vila Yara, Osasco - SP","R$ 216.000,00",osasco,"a:2:{i:0;s:9:""2-quartos"";i:1;s:8:""1-quarto"";}","Sinta a vibração da cidade.","Toda avenida tem seu ícone. A Autonomistas acaba de ganhar o seu. 
Um projeto envolvente para encantar e surpreender seus convidados a todo momento.
Ambientes agradáveis, para conversar, relaxar ou simplesmente contemplar.
","<iframe src=""https://www.google.com/maps/embed?pb=!1m18!1m12!1m3!1d3657.88110102958!2d-46.78213962467066!3d-23.53677847881674!2m3!1f0!2f0!3f0!3m2!1i1024!2i768!4f13.1!3m3!1m2!1s0x94ceff0c32df6a89%3A0x6e2d7a43974c25ec!2sAv.%20dos%20Autonomistas%2C%202750%20-%20Vila%20Yara%2C%20Osasco%20-%20SP%2C%2006090-010!5e0!3m2!1spt-BR!2sbr!4v1698848630799!5m2!1spt-BR!2sbr"" width=""600"" height=""450"" style=""border:0;"" allowfullscreen="""" loading=""lazy"" referrerpolicy=""no-referrer-when-downgrade""></iframe>",1,"a:3:{i:0;s:7:""0-vagas"";i:1;s:6:""1-vaga"";i:2;s:7:""2-vagas"";}",2,230298,"a:1:{i:0;s:7:""em-obra"";}"
230347,"HM Smart",apartamento,"Av. José Lourenço, 284 - Jaguaribe, Osasco - SP","R$ 220.000,00",osasco,"a:2:{i:0;s:8:""1-quarto"";i:1;s:9:""2-quartos"";}","Tudo o que sua família precisa no ponto mais valorizado da cidade!","No HM Smart Osasco você aproveita momentos incríveis sem precisar sair de casa, com uma diversidade de lazer para agradar a todas as idades e surpreender em qualquer ocasião.","<iframe src=""https://www.google.com/maps/embed?pb=!1m14!1m8!1m3!1d14629.231414864058!2d-46.7830963!3d-23.5573844!3m2!1i1024!2i768!4f13.1!3m3!1m2!1s0x94ceff075ef03cd5%3A0xcb874464d821bd76!2sHM%20Smart%20Osasco!5e0!3m2!1spt-BR!2sbr!4v1698855105427!5m2!1spt-BR!2sbr"" width=""600"" height=""450"" style=""border:0;"" allowfullscreen="""" loading=""lazy"" referrerpolicy=""no-referrer-when-downgrade""></iframe>",1,"a:2:{i:0;s:6:""1-vaga"";i:1;s:7:""2-vagas"";}",2,230349,"a:1:{i:0;s:7:""em-obra"";}"
230365,Epic,apartamento,"R. Jubair Celestino, 63 - Pres. Altino, Osasco - SP","R$ 420.000,00",osasco,"a:2:{i:0;s:8:""1-quarto"";i:1;s:9:""2-quartos"";}","Grandioso como seu nome","Sinta a cidade pulsar em sua volta.
Sofisticação e segurança a altura do seu bem-estar.
Localização que emana praticidade e conforto, cercada de uma ampla e diversificada infraestrutura de comércio, serviços e lazer. Para você que valoriza estar perto onde a vida acontece.","<iframe src=""https://www.google.com/maps/embed?pb=!1m18!1m12!1m3!1d2277.7170361164913!2d-46.77294025403167!3d-23.523264372960384!2m3!1f0!2f0!3f0!3m2!1i1024!2i768!4f13.1!3m3!1m2!1s0x94ceff1c1bd0007f%3A0xfbd1d13c10d75d1d!2sR.%20Jubair%20Celestino%2C%2063%20-%20Pres.%20Altino%2C%20Osasco%20-%20SP%2C%2006216-160!5e0!3m2!1spt-BR!2sbr!4v1698860594698!5m2!1spt-BR!2sbr"" width=""600"" height=""450"" style=""border:0;"" allowfullscreen="""" loading=""lazy"" referrerpolicy=""no-referrer-when-downgrade""></iframe>",10,"a:2:{i:0;s:6:""1-vaga"";i:1;s:7:""2-vagas"";}",2,230413,"a:1:{i:0;s:7:""em-obra"";}"
230368,"Breeze Residencial",apartamento,"Rua Paulo Emydio Pereira, 40 - Bela Vista, Osasco - SP","R$ 460.000,00",osasco,"a:2:{i:0;s:8:""1-quarto"";i:1;s:9:""2-quartos"";}","Conheça outro jeito de investir em imóveis...","Apartamentos com preço abaixo do mercado.","<iframe src=""https://www.google.com/maps/embed?pb=!1m18!1m12!1m3!1d14655.953577311426!2d-46.78639734441357!3d-23.545278548346076!2m3!1f0!2f0!3f0!3m2!1i1024!2i768!4f13.1!3m3!1m2!1s0x94ceff6fd1ce281b%3A0x2a4d7e7cd093fe97!2sRua%20Paulo%20Emydio%20Pereira%2C%2040%20-%20Bela%20Vista%2C%20Osasco%20-%20SP%2C%2006070-200!5e0!3m2!1spt-BR!2sbr!4v1698859644356!5m2!1spt-BR!2sbr"" width=""600"" height=""450"" style=""border:0;"" allowfullscreen="""" loading=""lazy"" referrerpolicy=""no-referrer-when-downgrade""></iframe>",8,"a:1:{i:0;s:6:""1-vaga"";}",1,230375,"a:1:{i:0;s:7:""em-obra"";}"
230432,"Aquarela Home",apartamento,"R. Adolpho Bozzi, 132 - Vila Osasco, Osasco - SP","R$ 450.000,00",osasco,"a:2:{i:0;s:8:""1-quarto"";i:1;s:9:""2-quartos"";}","Seu novo lar no coração de Osasco","O Aquarela Home Osasco oferece espaços harmoniosos e funcionais, com diversas áreas comuns. Cada detalhe foi planejado visando o seu conforto e comodidade, criando um ambiente aconchegante para você e sua família.","<iframe src=""https://www.google.com/maps/embed?pb=!1m18!1m12!1m3!1d3657.8988706594178!2d-46.786825523600804!3d-23.536139460668206!2m3!1f0!2f0!3f0!3m2!1i1024!2i768!4f13.1!3m3!1m2!1s0x94ceff09a64a72a1%3A0xa461d869369b9413!2sR.%20Adolpho%20Bozzi%2C%20132%20-%20Vila%20Osasco%2C%20Osasco%20-%20SP%2C%2006086-120!5e0!3m2!1spt-BR!2sbr!4v1698933992696!5m2!1spt-BR!2sbr"" width=""600"" height=""450"" style=""border:0;"" allowfullscreen="""" loading=""lazy"" referrerpolicy=""no-referrer-when-downgrade""></iframe>",13,"a:1:{i:0;s:6:""1-vaga"";}",1,230449,"a:1:{i:0;s:7:""em-obra"";}"
230451,"Raro Vila Isabel",apartamento,"R. São Jorge, 613 - Pestana, Osasco - SP","R$ 240.000,00",osasco,"a:1:{i:0;s:9:""2-quartos"";}","Conforto, comodidade, segurança e lazer em um só lugar!","Descubra o RARO Vila Isabel em Osasco. Apartamentos de 2 dormitórios com varanda gourmet e vaga de garagem. Localizado em uma rua tranquila, oferece comodidades como piscinas, salão de festas, fitness e playground. Viva a qualidade de vida no RARO Vila Isabel!","<iframe src=""https://www.google.com/maps/embed?pb=!1m18!1m12!1m3!1d1249.1935904855777!2d-46.80402063385343!3d-23.53780112734374!2m3!1f0!2f0!3f0!3m2!1i1024!2i768!4f13.1!3m3!1m2!1s0x94ceff6265f0ba2b%3A0xb2df5ee61ebba951!2sRARO%20Vila%20Isabel!5e0!3m2!1spt-BR!2sbr!4v1698936781699!5m2!1spt-BR!2sbr"" width=""600"" height=""450"" style=""border:0;"" allowfullscreen="""" loading=""lazy"" referrerpolicy=""no-referrer-when-downgrade""></iframe>",13,"a:1:{i:0;s:6:""1-vaga"";}",2,230468,"a:1:{i:0;s:7:""em-obra"";}"
230470,"Orla Condomínio Praia",apartamento,"R. Pernambucana, 670 - Conceicao, Osasco - SP","R$ 240.000,00",osasco,"a:2:{i:0;s:8:""1-quarto"";i:1;s:9:""2-quartos"";}","Viva com os pés na areia sem precisar sair de casa!","A tranquilidade e a segurança de morar em um condomínio fechado com a exclusividade de ter uma praia particular aos seus pés.","<iframe src=""https://www.google.com/maps/embed?pb=!1m14!1m8!1m3!1d1828.4609821442325!2d-46.80738846430501!3d-23.57124599654976!3m2!1i1024!2i768!4f13.1!3m3!1m2!1s0x94ce555fcd19682d%3A0x6711b820d0151fa5!2sR.%20Pernambucana%2C%20670%20-%20Conceicao%2C%20Osasco%20-%20SP%2C%2006140-040%2C%20Brasil!5e0!3m2!1spt-BR!2sus!4v1699016139910!5m2!1spt-BR!2sus"" width=""600"" height=""450"" style=""border:0;"" allowfullscreen="""" loading=""lazy"" referrerpolicy=""no-referrer-when-downgrade""></iframe>",2,"a:1:{i:0;s:6:""1-vaga"";}",3,230478,"a:1:{i:0;s:7:""em-obra"";}"
230503,"PIN Osasco",apartamento,"Av. Sarah Veloso, 1301 - Metalúrgicos, Osasco - SP","R$ 150.000,00",osasco,"a:3:{i:0;s:8:""1-quarto"";i:1;s:9:""2-quartos"";i:2;s:9:""3-quartos"";}","Vem que uma nova vida te espera!","Venha viver em um lugar cercado de facilidades.","<iframe src=""https://www.google.com/maps/embed?pb=!1m14!1m8!1m3!1d14628.168890725177!2d-46.8106739!3d-23.566927!3m2!1i1024!2i768!4f13.1!3m3!1m2!1s0x94ceff0170878693%3A0x6b87459f7a1d7b94!2sPin%20Osasco%20Residencial%20Clube!5e0!3m2!1spt-BR!2sbr!4v1699018902594!5m2!1spt-BR!2sbr"" width=""600"" height=""450"" style=""border:0;"" allowfullscreen="""" loading=""lazy"" referrerpolicy=""no-referrer-when-downgrade""></iframe>",2,"a:2:{i:0;s:7:""0-vagas"";i:1;s:6:""1-vaga"";}",5,230511,"a:1:{i:0;s:7:""em-obra"";}"
230539,"The Way",apartamento,"R. Antônio Rinaldi, 50 - Jaguaribe, Osasco - SP","R$ 280.000,00",osasco,"a:2:{i:0;s:8:""1-quarto"";i:1;s:9:""2-quartos"";}","Qualidade de vida é ter tudo bem perto de você.","A excelente localização do THE WAY reúne todas as características que tornarão seus dias mais práticos e dinâmicos. Uma região em constante desenvolvimento, com grande potencial de valorização, pronta para lhe oferecer um leque de opções de comércios, serviços, entretenimento e lazer.","<iframe src=""https://www.google.com/maps/embed?pb=!1m18!1m12!1m3!1d3657.3900766841984!2d-46.79219542582532!3d-23.554429861335354!2m3!1f0!2f0!3f0!3m2!1i1024!2i768!4f13.1!3m3!1m2!1s0x94ceff833056d4b3%3A0x387ae226f803db9b!2sR.%20Ant%C3%B4nio%20Rinaldi%2C%2050%20-%20Jaguaribe%2C%20Osasco%20-%20SP%2C%2006065-150!5e0!3m2!1spt-BR!2sbr!4v1699027507661!5m2!1spt-BR!2sbr"" width=""600"" height=""450"" style=""border:0;"" allowfullscreen="""" loading=""lazy"" referrerpolicy=""no-referrer-when-downgrade""></iframe>",1,"a:1:{i:0;s:6:""1-vaga"";}",2,230547,"a:1:{i:0;s:7:""em-obra"";}"
230558,Station,apartamento,"Av. Comandante Sampaio, 685 - Km 18, Osasco - SP","R$ 250.000,00",osasco,"a:2:{i:0;s:8:""1-quarto"";i:1;s:9:""2-quartos"";}","Esporte Vida e Lazer","Sua estação de felicidade, saúde e momentos inesquecíveis.","<iframe src=""https://www.google.com/maps/embed?pb=!1m14!1m8!1m3!1d14632.549529082828!2d-46.7988928!3d-23.5275607!3m2!1i1024!2i768!4f13.1!3m3!1m2!1s0x94ceffba5364527d%3A0xb657b181781e987d!2sStation%20KM18!5e0!3m2!1spt-BR!2sbr!4v1699033443174!5m2!1spt-BR!2sbr"" width=""600"" height=""450"" style=""border:0;"" allowfullscreen="""" loading=""lazy"" referrerpolicy=""no-referrer-when-downgrade""></iframe>",1,"a:1:{i:0;s:6:""1-vaga"";}",2,230577,"a:1:{i:0;s:6:""pronto"";}"
230584,"Giardino Golf Residenziale",apartamento,"Av. Dr. Martin Luther King, 605 - Vila Sao Francisco, Osasco - SP","R$ 783.000,00",osasco,"a:2:{i:0;s:9:""2-quartos"";i:1;s:9:""3-quartos"";}","Exclusividade e elegância, na região mais nobre de Osasco","Muito conforto, segurança, exclusividade e lazer super completo.
Tudo isso com o privilégio de uma vista exuberante ao verde.","<iframe src=""https://www.google.com/maps/embed?pb=!1m18!1m12!1m3!1d3657.4418037291925!2d-46.77349172360006!3d-23.552570961271325!2m3!1f0!2f0!3f0!3m2!1i1024!2i768!4f13.1!3m3!1m2!1s0x94cefff837d6304b%3A0x2a7d4801d9212354!2sGiardino%20Golf%20Residenziale!5e0!3m2!1spt-BR!2sbr!4v1699100042368!5m2!1spt-BR!2sbr"" width=""600"" height=""450"" style=""border:0;"" allowfullscreen="""" loading=""lazy"" referrerpolicy=""no-referrer-when-downgrade""></iframe>",1,"a:2:{i:0;s:6:""1-vaga"";i:1;s:7:""2-vagas"";}",1,230596,"a:1:{i:0;s:7:""em-obra"";}"
230614,"Mix Altino",apartamento,"R. Armênia, 518 - Pres. Altino, Osasco - SP","R$ 252.000,00",osasco,"a:3:{i:0;s:9:""3-quartos"";i:1;s:9:""2-quartos"";i:2;s:8:""1-quarto"";}","Um mix de possibilidades para você!","Que tal ter uma experiência completa com mais de 20 itens de lazer e serviços em um só lugar? Com muita segurança e comodidade, o Mix Altino oferece infraestrutura completa e apartamentos com terraço gourmet, ambientes integrados e lavabo. Além de muita mobilidade, com fácil acesso à Estação Presidente Altino, Marginal Pinheiros e Tietê e também à Rod. Castelo Branco.
","<iframe src=""https://www.google.com/maps/embed?pb=!1m18!1m12!1m3!1d3658.1783144153483!2d-46.76958132360103!3d-23.526088160299306!2m3!1f0!2f0!3f0!3m2!1i1024!2i768!4f13.1!3m3!1m2!1s0x94ceff27eb41c9c1%3A0xbb71e8d31bd41704!2sMix%20Altino%20-%20Zafir!5e0!3m2!1spt-BR!2sbr!4v1699101584481!5m2!1spt-BR!2sbr"" width=""600"" height=""450"" style=""border:0;"" allowfullscreen="""" loading=""lazy"" referrerpolicy=""no-referrer-when-downgrade""></iframe>",3,"a:2:{i:0;s:7:""2-vagas"";i:1;s:6:""1-vaga"";}",4,230647,"a:1:{i:0;s:7:""em-obra"";}"
230651,"Enjoy Home Club",apartamento,"Av. Capistrano de Abreu, 988 - Jaguaribe, Osasco - SP","R$ 324.000,00",osasco,"a:3:{i:0;s:9:""3-quartos"";i:1;s:9:""2-quartos"";i:2;s:8:""1-quarto"";}","Aproveite os melhores momentos da vida no Enjoy","Um espaço completo para você. More em um Home Club e viva momentos inesquecíveis todos os dias. O Enjoy reserva os principais pilares para o seu bem-estar: mobilidade, conforto e infraestrutura para você e sua família.","<iframe src=""https://www.google.com/maps/embed?pb=!1m18!1m12!1m3!1d3657.2424348917216!2d-46.79443912360007!3d-23.559734861534647!2m3!1f0!2f0!3f0!3m2!1i1024!2i768!4f13.1!3m3!1m2!1s0x94ceff53580876ab%3A0x35245e2843d96a3e!2sEnjoy%20Home%20Club!5e0!3m2!1spt-BR!2sbr!4v1699105335098!5m2!1spt-BR!2sbr"" width=""600"" height=""450"" style=""border:0;"" allowfullscreen="""" loading=""lazy"" referrerpolicy=""no-referrer-when-downgrade""></iframe>",1,"a:1:{i:0;s:7:""2-vagas"";}",3,230678,"a:1:{i:0;s:7:""em-obra"";}"
230679,"Station 2",apartamento,"Av. Cmte. Sampaio, 588 - Km 18, Osasco - SP","R$ 220.000,00",osasco,"a:1:{i:0;s:9:""2-quartos"";}","Esporte, vida & lazer.","Aqui, tranquilidade, segurança e bem-estar vão fazer parte do seu cotidiano.","<iframe src=""https://www.google.com/maps/embed?pb=!1m14!1m8!1m3!1d14632.565151398117!2d-46.7978769!3d-23.5274202!3m2!1i1024!2i768!4f13.1!3m3!1m2!1s0x94ceff15afad880d%3A0x230dd4013906fa26!2sStation%202!5e0!3m2!1spt-BR!2sbr!4v1699196825831!5m2!1spt-BR!2sbr"" width=""600"" height=""450"" style=""border:0;"" allowfullscreen="""" loading=""lazy"" referrerpolicy=""no-referrer-when-downgrade""></iframe>",5,"a:2:{i:0;s:7:""0-vagas"";i:1;s:6:""1-vaga"";}",7,230694,"a:1:{i:0;s:7:""em-obra"";}"
230698,"Sole Bela Vista",apartamento,"R. Antônia Bizarro, 201 - Bela Vista, Osasco - SP","R$ 5500.000,00",osasco,"a:2:{i:0;s:9:""2-quartos"";i:1;s:9:""3-quartos"";}","O charme o privilégio de morar no bela vista","More em uma rua tranquila, no coração do Bela Vista, a poucos passos de tudo o que você mais precisa para seu dia a dia. 

Uma região que se valoriza a cada dia com investimentos em infraestrutura, cercada de ampla rede de comércio e serviços, com inúmeras conexões de acesso ao seu dispor.","<iframe src=""https://www.google.com/maps/embed?pb=!1m18!1m12!1m3!1d3657.762158531513!2d-46.78311472467049!3d-23.541055378813848!2m3!1f0!2f0!3f0!3m2!1i1024!2i768!4f13.1!3m3!1m2!1s0x94ceff8b01762d83%3A0x6c7586c74d30b8ca!2sSole%20Bela%20Vista%20%7C%20Obra!5e0!3m2!1spt-BR!2sbr!4v1699200972095!5m2!1spt-BR!2sbr"" width=""600"" height=""450"" style=""border:0;"" allowfullscreen="""" loading=""lazy"" referrerpolicy=""no-referrer-when-downgrade""></iframe>",2,"a:2:{i:0;s:6:""1-vaga"";i:1;s:7:""2-vagas"";}",3,230699,"a:1:{i:0;s:7:""em-obra"";}"
230723,Celebra,apartamento,"R. Francisco Haro Alaminos, 234 - Ayrosa, Osasco - SP","R$ 320.000,00",osasco,"a:2:{i:0;s:8:""1-quarto"";i:1;s:9:""2-quartos"";}","Celebre a vida e seus melhores momentos.","A vida pede mais do que uma boa localização.","<iframe src=""https://www.google.com/maps/embed?pb=!1m14!1m8!1m3!1d14633.548857533833!2d-46.7711002!3d-23.5185716!3m2!1i1024!2i768!4f13.1!3m3!1m2!1s0x94ceffb0bd637b1f%3A0xd140ebf5f8ae97b4!2sCelebra%20Osasco!5e0!3m2!1spt-BR!2sbr!4v1699207523069!5m2!1spt-BR!2sbr"" width=""600"" height=""450"" style=""border:0;"" allowfullscreen="""" loading=""lazy"" referrerpolicy=""no-referrer-when-downgrade""></iframe>",1,"a:2:{i:0;s:7:""0-vagas"";i:1;s:6:""1-vaga"";}",3,230759,"a:1:{i:0;s:7:""em-obra"";}"
230777,MOBI,apartamento,"R. Passagem Ângelo Bianchy, 290 - Centro, Osasco - SP, 06018-150","R$ 315.000,00",osasco,"a:2:{i:0;s:8:""1-quarto"";i:1;s:9:""2-quartos"";}","Porque a vida pede MOBILIDADE.","Um bairro cercado de todas as facilidades","<iframe src=""https://www.google.com/maps/embed?pb=!1m18!1m12!1m3!1d3657.7557898638743!2d-46.77701222375358!3d-23.54128436085674!2m3!1f0!2f0!3f0!3m2!1i1024!2i768!4f13.1!3m3!1m2!1s0x94ceff9f95898707%3A0x64ebced34d40908d!2sMobi%20Bela%20Vista!5e0!3m2!1spt-BR!2sbr!4v1699209322361!5m2!1spt-BR!2sbr"" width=""600"" height=""450"" style=""border:0;"" allowfullscreen="""" loading=""lazy"" referrerpolicy=""no-referrer-when-downgrade""></iframe>",1,"a:2:{i:0;s:7:""0-vagas"";i:1;s:6:""1-vaga"";}",2,230725,"a:1:{i:0;s:6:""pronto"";}"
230778,"Viva RSF",apartamento,"Av. Doná Blandina Ignêz Júlio, 710 - Jaguaribe, Osasco - SP","R$ 280.000,00",osasco,"a:3:{i:0;s:9:""3-quartos"";i:1;s:9:""2-quartos"";i:2;s:8:""1-quarto"";}","Tudo para você viver bem. Tudo para você viver o seu melhor.","O seu estilo de viver é próprio, é único. Ele guia o seu modo de agir e pensar. É o jeito como você vê a vida. É a sua forma de curtir, de amar, de relaxar, de se expressar, de encontrar o que realmente importa para você, de encarar e superar desafios, de transformar os seus melhores momentos nos motivos que fazem tudo
valer a pena. 

Por isso, o lugar escolhido para você viver deve refletir os seus gostos e atender a todas as suas vontades e necessidades. Criada pela RSF, VIVA é mais do que uma linha de empreendimentos, é um conceito de viver, que foi desenvolvido pensando em você e no seu momento. Agora, tudo isso está presente no VIVA RSF JAGUARIBE, um projeto que chega para oferecer um jeito moderno, prático e confortável de morar, com lazer, mobilidade e uma completa infraestrutura à sua volta. ","<iframe src=""https://www.google.com/maps/embed?pb=!1m18!1m12!1m3!1d3657.167729884062!2d-46.7898412!3d-23.5624187!2m3!1f0!2f0!3f0!3m2!1i1024!2i768!4f13.1!3m3!1m2!1s0x94ceff80eb5c9a9d%3A0x68aee982c83445ec!2sAv.%20Don%C3%A1%20Blandina%20Ign%C3%AAz%20J%C3%BAlio%2C%20710%20-%20Jaguaribe%2C%20Osasco%20-%20SP%2C%2006050-120!5e0!3m2!1spt-BR!2sbr!4v1699211304136!5m2!1spt-BR!2sbr"" width=""600"" height=""450"" style=""border:0;"" allowfullscreen="""" loading=""lazy"" referrerpolicy=""no-referrer-when-downgrade""></iframe>",2,"a:2:{i:0;s:6:""1-vaga"";i:1;s:7:""2-vagas"";}",3,230787,"a:1:{i:0;s:7:""em-obra"";}"
230824,Look,apartamento,"R. Águas da Prata, 246 - Rochdale, Osasco - SP","R$ 235.000,00",osasco,"a:2:{i:0;s:8:""1-quarto"";i:1;s:9:""2-quartos"";}","Sinta-se nas alturas","A menor distância entre MOBILIDADE, CONFORTO e PRATICIDADE. Uma região com infraestrutura completa, onde a diversidade de comércio e serviços farão parte da comodidade do seu dia a dia. 

Todos os olhares voltados a imponência de um projeto grandioso. Segurança planejada e comodidade vão fazer parte da sua vida.","<iframe src=""https://www.google.com/maps/embed?pb=!1m14!1m8!1m3!1d14633.969243569572!2d-46.7786215!3d-23.5147892!3m2!1i1024!2i768!4f13.1!3m3!1m2!1s0x94ceff6a9669d609%3A0x8c2fdfc9b45bedd8!2sLook%20Condom%C3%ADnio%20Clube!5e0!3m2!1spt-BR!2sbr!4v1699215830673!5m2!1spt-BR!2sbr"" width=""600"" height=""450"" style=""border:0;"" allowfullscreen="""" loading=""lazy"" referrerpolicy=""no-referrer-when-downgrade""></iframe>",2,"a:1:{i:0;s:6:""1-vaga"";}",3,230825,"a:1:{i:0;s:7:""em-obra"";}"
230854,"Lumini Clube Residencial",apartamento,"Rua Heitor de Oliveira, 200 - Vila Sul Americana, Carapicuíba - SP","R$ 260.000,00",carapicuiba,"a:1:{i:0;s:9:""2-quartos"";}","Comodidade, segurança e lazer completo em um único lugar. A sua casa! ","Seja bem-vindo(a) ao futuro dos empreendimentos, que une conforto, lazer completo e segurança
para você e sua família desfrutarem de momentos inesquecíveis.

Esta é a oportunidade perfeita para quem busca qualidade de vida em um espaço totalmente projetado para seu sossego.","<iframe src=""https://www.google.com/maps/embed?pb=!1m14!1m8!1m3!1d14632.568642778973!2d-46.8579665!3d-23.5273888!3m2!1i1024!2i768!4f13.1!3m3!1m2!1s0x94cf010e5e01bf8f%3A0x26e23a0579802146!2sLumini%20Clube%20Residencial!5e0!3m2!1spt-BR!2sbr!4v1699226184531!5m2!1spt-BR!2sbr"" width=""600"" height=""450"" style=""border:0;"" allowfullscreen="""" loading=""lazy"" referrerpolicy=""no-referrer-when-downgrade""></iframe>",,"a:1:{i:0;s:6:""1-vaga"";}",2,230859,"a:1:{i:0;s:7:""em-obra"";}"
230882,"Bless Armênia",apartamento,"R. Armênia, 510 - Pres. Altino, Osasco - SP","R$ 360.000,00",osasco,"a:2:{i:0;s:9:""2-quartos"";i:1;s:9:""3-quartos"";}","O marco das suas conquistas.","""Bless RSF Armênia foi criado para ser um lugar para viver e ser visto. Nosso entusiasmo criativo nos levou a compor um projeto com identidade, chegando a um resultado contemporâneo que combina conforto com sofisticação. O projeto foi cuidadosamente pensado para um público que valoriza boa arquitetura e que possui um olhar para o futuro."" Rodrigo Sobreiro - Arquiteto","<iframe src=""https://www.google.com/maps/embed?pb=!1m18!1m12!1m3!1d3658.1527709577813!2d-46.7663516!3d-23.5270071!2m3!1f0!2f0!3f0!3m2!1i1024!2i768!4f13.1!3m3!1m2!1s0x94ceff3d4cb0fee5%3A0x3b6abcea1edf9ac7!2sR.%20Arm%C3%AAnia%2C%20510%20-%20Pres.%20Altino%2C%20Osasco%20-%20SP%2C%2006210-138!5e0!3m2!1spt-BR!2sbr!4v1699296824428!5m2!1spt-BR!2sbr"" width=""600"" height=""450"" style=""border:0;"" allowfullscreen="""" loading=""lazy"" referrerpolicy=""no-referrer-when-downgrade""></iframe>",6,"a:2:{i:0;s:6:""1-vaga"";i:1;s:7:""2-vagas"";}",1,230911,"a:1:{i:0;s:7:""em-obra"";}"
230913,"Demais Bela Vista",apartamento,"R. José Gimenes Gomes, 294 - Vila Osasco, Osasco - SP","R$315.000,00",osasco,"a:1:{i:0;s:9:""2-quartos"";}","Você com Tudo Morando no Bela Vista!","DeMais é poder morar no melhor do Bela Vista!","<iframe src=""https://www.google.com/maps/embed?pb=!1m18!1m12!1m3!1d7315.84796023129!2d-46.78835240737586!3d-23.5352364652708!2m3!1f0!2f0!3f0!3m2!1i1024!2i768!4f13.1!3m3!1m2!1s0x94ceff3900ee23e5%3A0xd4931db822c1c76a!2sDemais%20Bela%20Vista!5e0!3m2!1spt-BR!2sbr!4v1699364320969!5m2!1spt-BR!2sbr"" width=""600"" height=""450"" style=""border:0;"" allowfullscreen="""" loading=""lazy"" referrerpolicy=""no-referrer-when-downgrade""></iframe>",2,"a:1:{i:0;s:6:""1-vaga"";}",3,230920,"a:1:{i:0;s:7:""em-obra"";}"
230948,Seleto,apartamento,"R. Ana Ventura Nitão, 288 - Ayrosa, Osasco - SP","R$ 280.000,00",osasco,"a:2:{i:0;s:8:""1-quarto"";i:1;s:9:""2-quartos"";}","O melhor de Osasco, perto de você.","O que era bom, agora ficou ainda melhor, morando perto de tudo.

O Seleto combina com o seu estilo, seja ele qual for. O projeto único na região, confere exclusividade e segurança. Desde a sua portaria, combina as mais modernas  tendências arquitetônicas em edifícios residenciais aos mais eficientes conceitos em privacidade, conforto e excelente localização conferindo ao conjunto personalidade única. ","<iframe src=""https://www.google.com/maps/embed?pb=!1m14!1m8!1m3!1d14633.450542641707!2d-46.7712613!3d-23.5194561!3m2!1i1024!2i768!4f13.1!3m3!1m2!1s0x94ceff964bac39ad%3A0xfee538abe3288036!2sSeleto%20Residencial%20Clube!5e0!3m2!1spt-BR!2sbr!4v1699379582645!5m2!1spt-BR!2sbr"" width=""600"" height=""450"" style=""border:0;"" allowfullscreen="""" loading=""lazy"" referrerpolicy=""no-referrer-when-downgrade""></iframe>",,"a:1:{i:0;s:6:""1-vaga"";}",2,230957,"a:1:{i:0;s:7:""em-obra"";}"
230964,"Saldanha Park 650",apartamento,"R. Antônio José Nurchis, 650 - Vila Yolanda, Osasco - SP, 06124-080","R$ 265.000,00",osasco,"a:2:{i:0;s:8:""1-quarto"";i:1;s:9:""2-quartos"";}","Perto de tudo o que você quer perto.","Uma região predominantemente residencial, mas que oferece em seu entorno uma variada infraestrutura de comércio e serviços.","<iframe src=""https://www.google.com/maps/embed?pb=!1m18!1m12!1m3!1d3657.5408031592383!2d-46.79890272582563!3d-23.54901286113641!2m3!1f0!2f0!3f0!3m2!1i1024!2i768!4f13.1!3m3!1m2!1s0x94ceff233839ca7b%3A0xaff6658f22c6219!2sPark%20650!5e0!3m2!1spt-BR!2sbr!4v1699382193430!5m2!1spt-BR!2sbr"" width=""600"" height=""450"" style=""border:0;"" allowfullscreen="""" loading=""lazy"" referrerpolicy=""no-referrer-when-downgrade""></iframe>",,"a:1:{i:0;s:6:""1-vaga"";}",4,230966,"a:1:{i:0;s:7:""em-obra"";}"
230983,"Canvas HUB 111",apartamento,"R. Manoel José de Santana, 111 - Vila Yara, São Paulo - SP, 06020-060","R$ 520.000,00",osasco,"a:2:{i:0;s:9:""2-quartos"";i:1;s:9:""3-quartos"";}","Próximo de importantes pontos da cidade.","Com otimização de espaço, cada detalhe é cuidadosamente projetado para oferecer bem-estar e conforto à sua família. ","<iframe src=""https://www.google.com/maps/embed?pb=!1m18!1m12!1m3!1d3657.5068699098474!2d-46.759052499999996!3d-23.5502325!2m3!1f0!2f0!3f0!3m2!1i1024!2i768!4f13.1!3m3!1m2!1s0x94ceff59b1249311%3A0x2af8e4429ee40f35!2sR.%20Manoel%20Jos%C3%A9%20de%20Santana%2C%20111%20-%20Vila%20Yara%2C%20S%C3%A3o%20Paulo%20-%20SP%2C%2006020-060!5e0!3m2!1spt-BR!2sbr!4v1699389425964!5m2!1spt-BR!2sbr"" width=""600"" height=""450"" style=""border:0;"" allowfullscreen="""" loading=""lazy"" referrerpolicy=""no-referrer-when-downgrade""></iframe>",6,"a:1:{i:0;s:6:""1-vaga"";}",3,230985,"a:1:{i:0;s:16:""breve-lancamento"";}"
231017,"Ekko Yard",apartamento,"Rua Conde Luiz Eduardo Matarazzo, Vila São Francisco, Osasco-SP","R$ 2.900.000,00",osasco,"a:2:{i:0;s:9:""3-quartos"";i:1;s:9:""4-quartos"";}","A sua melhor oportunidade de viver junto a natureza.","Um empreendimento com conforto, segurança em uma localização privilegiada. 
Afinal, somos parte de tudo aquilo que chamamos de natureza.","<iframe src=""https://www.google.com/maps/embed?pb=!1m14!1m8!1m3!1d578.2522755325228!2d-46.76080415122229!3d-23.56349118112546!3m2!1i1024!2i768!4f13.1!3m3!1m2!1s0x94ce55ee26e28223%3A0xe42ab4f9dbe2d66d!2sR.%20Lopez%20Portana%20-%20Rio%20Pequeno%2C%20S%C3%A3o%20Paulo%20-%20SP!5e0!3m2!1spt-BR!2sbr!4v1699402840349!5m2!1spt-BR!2sbr"" width=""600"" height=""450"" style=""border:0;"" allowfullscreen="""" loading=""lazy"" referrerpolicy=""no-referrer-when-downgrade""></iframe>",14,"a:1:{i:0;s:7:""4-vagas"";}",1,231034,"a:1:{i:0;s:16:""breve-lancamento"";}"
231041,"Zatz Vitrine",apartamento,"R. João Alves Pedroso, 258 - Santa Maria, Osasco - SP","R$ 230.000,00",osasco,"a:1:{i:0;s:9:""2-quartos"";}",Surpreenda-se,"Quando algo é muito belo, dizemos que merecia estar numa vitrine. 
Prepare-se, você vai se surpreender com o Vitrine by Zatz um verdadeiro clube de morar.","<iframe src=""https://www.google.com/maps/embed?pb=!1m18!1m12!1m3!1d3656.8961176829!2d-46.8128261235997!3d-23.5721741619917!2m3!1f0!2f0!3f0!3m2!1i1024!2i768!4f13.1!3m3!1m2!1s0x94ceff66cfaa07e5%3A0xfe2afdd1261826ab!2sVitrine%20by%20Zatz!5e0!3m2!1spt-BR!2sbr!4v1699459828895!5m2!1spt-BR!2sbr"" width=""600"" height=""450"" style=""border:0;"" allowfullscreen="""" loading=""lazy"" referrerpolicy=""no-referrer-when-downgrade""></iframe>",3,"a:1:{i:0;s:6:""1-vaga"";}",1,231059,"a:1:{i:0;s:7:""em-obra"";}"
231061,"Zatz Advanced",apartamento,"Av. Santo Antônio, 745 - Vila Osasco, Osasco - SP","R$ 280.000,00",osasco,"a:2:{i:0;s:9:""2-quartos"";i:1;s:8:""1-quarto"";}",Surpreenda-se,"Tenha o privilégio de morar com estilo, segurança, conforto e muita diversão deste autêntico resort no desejado bairro do Bela Vista.","<iframe src=""https://www.google.com/maps/embed?pb=!1m18!1m12!1m3!1d3657.882689372282!2d-46.78788232360074!3d-23.5367213606894!2m3!1f0!2f0!3f0!3m2!1i1024!2i768!4f13.1!3m3!1m2!1s0x94ceffc0e9d9597b%3A0xaffdbd0c95f3395b!2sAdvanced%20by%20Zatz!5e0!3m2!1spt-BR!2sbr!4v1699461608010!5m2!1spt-BR!2sbr"" width=""600"" height=""450"" style=""border:0;"" allowfullscreen="""" loading=""lazy"" referrerpolicy=""no-referrer-when-downgrade""></iframe>",3,"a:1:{i:0;s:6:""1-vaga"";}",2,231087,"a:1:{i:0;s:7:""em-obra"";}"
231088,"Ekko Live 3 e 4 Alpha - Casas",casa,"Av. Honório Álvares Penteado, 2016 - Colinas da Anhanguera, Santana de Parnaíba - SP","R$ 2.057.000,00",santana-do-parnaiba,"a:2:{i:0;s:9:""2-quartos"";i:1;s:9:""3-quartos"";}","O equilíbrio perfeito entre o luxo e a natureza","Casa e Apartamentos. Conceito de condomínio clube com casas gourmet, apartamentos e coberturas duplex. O cuidado e a consideração de todos os aspectos que fazem deste empreendimento algo único e especial. Ele se destaca a ênfase na experiência sensorial e emocional que os terão ao viver aqui, representando o cuidado e atenção que foi dedicada para criar um ambiente que estimule os sentidos.","<iframe src=""https://www.google.com/maps/embed?pb=!1m18!1m12!1m3!1d3660.208831658445!2d-46.84071412430448!3d-23.45293055761827!2m3!1f0!2f0!3f0!3m2!1i1024!2i768!4f13.1!3m3!1m2!1s0x94cefdd3f1110261%3A0x80bbcc5f384ca747!2sEkko%20Live%203%20Alphaville!5e0!3m2!1spt-BR!2sbr!4v1699552144662!5m2!1spt-BR!2sbr"" width=""600"" height=""450"" style=""border:0;"" allowfullscreen="""" loading=""lazy"" referrerpolicy=""no-referrer-when-downgrade""></iframe>",20,"a:3:{i:0;s:7:""3-vagas"";i:1;s:7:""2-vagas"";i:2;s:6:""1-vaga"";}",1,231128,"a:1:{i:0;s:7:""em-obra"";}"
231140,"Ekko Live 3 e 4 Alpha - Apartamentos",apartamento,"Av. Honório Álvares Penteado, 2016 - Colinas da Anhanguera, Santana de Parnaíba - SP","R$ 1.254.000,00",santana-do-parnaiba,"a:3:{i:0;s:9:""2-quartos"";i:1;s:9:""3-quartos"";i:2;s:9:""4-quartos"";}","O equilíbrio perfeito entre o luxo e a natureza","Casa e Apartamentos. Conceito de condomínio clube com casas gourmet, apartamentos e coberturas duplex. O cuidado e a consideração de todos os aspectos que fazem deste empreendimento algo único e especial. Ele se destaca a ênfase na experiência sensorial e emocional que os terão ao viver aqui, representando o cuidado e atenção que foi dedicada para criar um ambiente que estimule os sentidos.","<iframe src=""https://www.google.com/maps/embed?pb=!1m18!1m12!1m3!1d3660.208831658445!2d-46.84071412430448!3d-23.45293055761827!2m3!1f0!2f0!3f0!3m2!1i1024!2i768!4f13.1!3m3!1m2!1s0x94cefdd3f1110261%3A0x80bbcc5f384ca747!2sEkko%20Live%203%20Alphaville!5e0!3m2!1spt-BR!2sbr!4v1699552144662!5m2!1spt-BR!2sbr"" width=""600"" height=""450"" style=""border:0;"" allowfullscreen="""" loading=""lazy"" referrerpolicy=""no-referrer-when-downgrade""></iframe>",12,"a:2:{i:0;s:7:""3-vagas"";i:1;s:7:""2-vagas"";}",8,231130,"a:1:{i:0;s:7:""em-obra"";}"
231154,"Icon Residencial",apartamento,"R. Horácio Manley Lane, 153 - Raposo Tavares, Osasco - SP","R$ 500.000,00",osasco,"a:1:{i:0;s:9:""2-quartos"";}","Sinta-se em casa","Plantas com excelente aproveitamento de espaço e lazer completo.","<iframe src=""https://www.google.com/maps/embed?pb=!1m18!1m12!1m3!1d3656.465280063441!2d-46.811729799999995!3d-23.5876407!2m3!1f0!2f0!3f0!3m2!1i1024!2i768!4f13.1!3m3!1m2!1s0x94ce5546deb4c97d%3A0x992b34ff18360095!2sR.%20Hor%C3%A1cio%20Manley%20Lane%2C%20153%20-%20Raposo%20Tavares%2C%20Osasco%20-%20SP%2C%2006149-000!5e0!3m2!1spt-BR!2sbr!4v1699561047654!5m2!1spt-BR!2sbr"" width=""600"" height=""450"" style=""border:0;"" allowfullscreen="""" loading=""lazy"" referrerpolicy=""no-referrer-when-downgrade""></iframe>",3,"a:1:{i:0;s:6:""1-vaga"";}",6,231181,"a:1:{i:0;s:16:""breve-lancamento"";}"
231192,"Ekko Outline",apartamento,"Av. Santo Antônio, 1889 - Centro, Osasco - SP","R$ 660.000,00",osasco,"a:2:{i:0;s:8:""1-quarto"";i:1;s:9:""2-quartos"";}","Dentro ou fora, transmite sentimentos e expressa personalidade.","O conceito de personalidade dos ambientes da linha Ekko Group identifica seus hábitos e otimiza a maneira com que você interage com cada um deles. 

Em outras palavras: antecipamos suas necessidades, reprojetando espaços utilizados com pouca frequência, para que eles tornem-se, a cada dia, ainda mais a sua cara. 

Este conceito facilita o dia a dia, conecta pessoas e objetivos, e melhora a relação com a sua vida. 

Afinal, acreditamos e defendemos que: quanto mais o lar for a sua cara, mais você transforma ao seu redor.","<iframe src=""https://www.google.com/maps/embed?pb=!1m14!1m8!1m3!1d14630.885254405139!2d-46.7763257!3d-23.5425239!3m2!1i1024!2i768!4f13.1!3m3!1m2!1s0x94ceff139974d111%3A0xd20aecf2bb61b7af!2sOutline%20BY%20EKKO%20GROUP!5e0!3m2!1spt-BR!2sbr!4v1699615181543!5m2!1spt-BR!2sbr"" width=""600"" height=""450"" style=""border:0;"" allowfullscreen="""" loading=""lazy"" referrerpolicy=""no-referrer-when-downgrade""></iframe>",7,"a:1:{i:0;s:6:""1-vaga"";}",5,231193,"a:1:{i:0;s:7:""em-obra"";}"
231236,"Vista Golf",apartamento,"R. João Oxisque, 105 - Vila Yara, Osasco - SP","R$ 950.000,00",osasco,"a:2:{i:0;s:9:""2-quartos"";i:1;s:9:""3-quartos"";}","A sofisticação de viver bem.","Sofisticar é deixar refinado, ser elegante e ter estilo. E, na hora de escolher onde morar, sofisticado é viver ao lado da natureza, com qualidade de vida e em uma região que você escolheu para chamar de sua.

Quem conhece a Vila São Francisco, dificilmente resiste aos seus encantos. A cidade possui paisagens maravilhosas – e pode ser apreciada por diversos ângulos. Afinal, acreditamos e defendemos que: quanto melhor a sua relação com o seu bairro, mais você transforma o redor.","<iframe src=""https://www.google.com/maps/embed?pb=!1m18!1m12!1m3!1d3657.5133470866435!2d-46.76793920000001!3d-23.5499997!2m3!1f0!2f0!3f0!3m2!1i1024!2i768!4f13.1!3m3!1m2!1s0x94ceff67690fbeb1%3A0xb0e199730b63142!2sR.%20Jo%C3%A3o%20Oxisque%2C%20105%20-%20Vila%20Yara%2C%20Osasco%20-%20SP%2C%2006028-160!5e0!3m2!1spt-BR!2sbr!4v1699830969883!5m2!1spt-BR!2sbr"" width=""600"" height=""450"" style=""border:0;"" allowfullscreen="""" loading=""lazy"" referrerpolicy=""no-referrer-when-downgrade""></iframe>",5,"a:3:{i:0;s:6:""1-vaga"";i:1;s:7:""2-vagas"";i:2;s:7:""3-vagas"";}",5,231275,"a:1:{i:0;s:7:""em-obra"";}"
231305,"Ekko Alto da Mata",apartamento,"R. Conde Luiz Eduardo Matarazzo, 261 - Cidade São Francisco, Osasco - SP","R$ 1.700.000,00",osasco,"a:2:{i:0;s:9:""3-quartos"";i:1;s:9:""4-quartos"";}","A natureza está em cada um de nós.","É através dela que nos conectamos com as nossas raízes. Sentimos a nossa essência respirando o ar puro do alto da mata. E recarregamos as nossas energias ouvindo o canto que vem das árvores.

Quando o sol ilumina o céu, encontramos paz e tranquilidade. Passamos a viver a vida real, sem filtros.
Olhamos para dentro e enxergamos quem somos. E descobrimos um lugar onde podemos viver, sentir e nos conectar.","<iframe src=""https://www.google.com/maps/embed?pb=!1m14!1m8!1m3!1d14629.00811204341!2d-46.7645911!3d-23.5593902!3m2!1i1024!2i768!4f13.1!3m3!1m2!1s0x94ce55bcb8f883e9%3A0x4d8253e65fc12944!2sAlto%20da%20Mata!5e0!3m2!1spt-BR!2sbr!4v1699884495468!5m2!1spt-BR!2sbr"" width=""600"" height=""450"" style=""border:0;"" allowfullscreen="""" loading=""lazy"" referrerpolicy=""no-referrer-when-downgrade""></iframe>",7,"a:2:{i:0;s:7:""3-vagas"";i:1;s:7:""4-vagas"";}",3,231312,"a:1:{i:0;s:7:""em-obra"";}"
231337,"Reserva Golf Residencial",apartamento,"Av. Dr. Martin Luther King, 1520-1672 - Umuarama, Osasco - SP","R$ 2.100.000,00",osasco,"a:1:{i:0;s:9:""4-quartos"";}","Sofisticação e estilo com qualidade de vida."," São condomínios verticais de apartamentos de alto padrão que expressam sofisticação e estilo de vida, sem abrir mão da qualidade de vida, em uma localização privilegiada e estratégica. 

Este conceito BY EKKOGROUP facilita o dia a dia, conecta pessoas e objetivos, e melhora a relação com a sua vida. Afinal, acreditamos e defendemos que quanto mais o lar for a sua cara, mais você transforma ao seu redor.
","<iframe src=""https://www.google.com/maps/embed?pb=!1m14!1m8!1m3!1d14629.168471512248!2d-46.7651507!3d-23.5579498!3m2!1i1024!2i768!4f13.1!3m3!1m2!1s0x94ce55ddc973848d%3A0x545d5196f987980d!2sReserva%20Golf%20S%C3%A3o%20Francisco!5e0!3m2!1spt-BR!2sbr!4v1699933165042!5m2!1spt-BR!2sbr"" width=""600"" height=""450"" style=""border:0;"" allowfullscreen="""" loading=""lazy"" referrerpolicy=""no-referrer-when-downgrade""></iframe>",7,"a:2:{i:0;s:7:""3-vagas"";i:1;s:7:""4-vagas"";}",3,231341,"a:1:{i:0;s:7:""em-obra"";}"
231429,"Smart Flow",apartamento,"Av. José Lopes Lázaro, 318 - Pres. Altino, Osasco - SP","R$ 370.000,00",osasco,"a:3:{i:0;s:6:""studio"";i:1;s:8:""1-quarto"";i:2;s:9:""2-quartos"";}","O mais novo smart que nasceu da vontade de encurtar distâncias","Morar próximo à estações de trem e metrô, hoje, é sinônimo de exclusividade. Agora se essa estação for a extensão da sua casa, melhor ainda. Este conceito de mobilidade facilita trajetos, conecta pessoas e destinos, e melhora sua relação com a cidade.
Afinal, defendemos a liberdade de ir e vir porque acreditamos que: quanto mais tempo disponível, mais você transforma o redor.","<iframe src=""https://www.google.com/maps/embed?pb=!1m18!1m12!1m3!1d7316.0600482554955!2d-46.76776344169319!3d-23.53142251148628!2m3!1f0!2f0!3f0!3m2!1i1024!2i768!4f13.1!3m3!1m2!1s0x94ceff35ba5b565f%3A0x92e651bd4ea3c97!2sSmart%20Flow%20Altino!5e0!3m2!1spt-BR!2sbr!4v1699976611054!5m2!1spt-BR!2sbr"" width=""600"" height=""450"" style=""border:0;"" allowfullscreen="""" loading=""lazy"" referrerpolicy=""no-referrer-when-downgrade""></iframe>",7,"a:3:{i:0;s:7:""0-vagas"";i:1;s:6:""1-vaga"";i:2;s:7:""2-vagas"";}",2,231448,"a:1:{i:0;s:7:""em-obra"";}"
231457,"Smart Connect",apartamento,"R. Salém Bechara, 320 - Centro, Osasco - SP","R$ 370.000,00",osasco,"a:3:{i:0;s:6:""studio"";i:1;s:8:""1-quarto"";i:2;s:9:""2-quartos"";}","Você não precisa permanecer on-line para ficar conectado. ","Para atender uma nova geração que busca um estilo de vida aliado a praticidade e a comodidade, a linha SMART vem com um portfólio de produtos inteligentes, dinâmicos, modernos e compactos. Com ambientes integrados, desenvolvemos um empreendimento que foi projetado nos mínimos detalhes para um público conectado.
O conceito inteligente de integração dos ambientes da linha SMART reconhece seus hábitos e otimiza a maneira com que você interage com cada um deles. Em outras palavras: antecipamos suas necessidades, reprojetando espaços utilizados com pouca frequência, para que eles tornem-se, a cada dia, ainda mais funcionais. Este conceito facilita o dia a dia, conecta pessoas e objetivos, e melhora sua relação com a sua vida. Afinal, acreditamos e defendemos que: quanto mais tempo disponível, mais você transforma ao seu redor.","<iframe src=""https://www.google.com/maps/embed?pb=!1m18!1m12!1m3!1d3657.795325038845!2d-46.78016312361961!3d-23.539862860804757!2m3!1f0!2f0!3f0!3m2!1i1024!2i768!4f13.1!3m3!1m2!1s0x94ceff9047b07d1f%3A0xb6190d9f0891717!2sSmart%20Connect!5e0!3m2!1spt-BR!2sbr!4v1699978516272!5m2!1spt-BR!2sbr"" width=""600"" height=""450"" style=""border:0;"" allowfullscreen="""" loading=""lazy"" referrerpolicy=""no-referrer-when-downgrade""></iframe>",9,"a:3:{i:0;s:7:""0-vagas"";i:1;s:6:""1-vaga"";i:2;s:7:""2-vagas"";}",2,231482,"a:1:{i:0;s:7:""em-obra"";}"
231484,"Smart Golf",apartamento,"R. João Oxisque, 183 - Vila Yara, Osasco - SP","R$ 310.000,00",osasco,"a:3:{i:0;s:6:""studio"";i:1;s:8:""1-quarto"";i:2;s:9:""2-quartos"";}","Funcionalidade para quem enxerga longe","Ser smart é entender as suas necessidades e entregar as melhores soluções para deixa a vida ainda melhor. Conheça um novo conceito que redefine os espaços e dá mais liberdade para o seu estilo de vida.
São studios de 31m² com sala/dormitório integrados aos demais ambientes, ideais para quem deseja espaços dinâmicos e flexíveis.
Para quem não abre mão de conforto e lazer, aproveite facilidades como salão de festas, espaço gourmet, salão de jogos, sauna, SPA, academia e muito mais.
E para fechar em grande estilo, a localização precisa ser estratégica. O Smart Golf está na Vila Yara, um dos melhores bairros de Osasco, perto de estações de trem, da USP, shopping e supermercados.","<iframe src=""https://www.google.com/maps/embed?pb=!1m18!1m12!1m3!1d3657.507157567196!2d-46.76979132361946!3d-23.550222161185026!2m3!1f0!2f0!3f0!3m2!1i1024!2i768!4f13.1!3m3!1m2!1s0x94ceff83a0fba679%3A0xa35efecc8716e77c!2sSmart%20Golf!5e0!3m2!1spt-BR!2sbr!4v1699980600220!5m2!1spt-BR!2sbr"" width=""600"" height=""450"" style=""border:0;"" allowfullscreen="""" loading=""lazy"" referrerpolicy=""no-referrer-when-downgrade""></iframe>",10,"a:3:{i:0;s:7:""0-vagas"";i:1;s:6:""1-vaga"";i:2;s:7:""2-vagas"";}",7,231498,"a:1:{i:0;s:7:""em-obra"";}"
231590,"Smart Sky",apartamento,"R. Machado de Assis, 735 - Centro, Osasco - SP","R$ 300.000,00",osasco,"a:3:{i:0;s:6:""studio"";i:1;s:8:""1-quarto"";i:2;s:9:""2-quartos"";}","O verdadeiro lazer nas alturas","Morar no Smart Sky Bela Vista é ter um rooftop de tirar o fôlego para você viver momentos inesquecíveis. O projeto oferece elegância e bem-estar, em uma região dinâmica e com tudo ao seu alcance. Grandes momentos acontecem quando sonhamos alto, sobretudo, em um lugar acolhedor e belo até no nome.","<iframe src=""https://www.google.com/maps/embed?pb=!1m18!1m12!1m3!1d3657.820835558485!2d-46.781302224670505!3d-23.538945578815238!2m3!1f0!2f0!3f0!3m2!1i1024!2i768!4f13.1!3m3!1m2!1s0x94ceff0d0549af5f%3A0x10c56494cc2eb3b0!2sR.%20Machado%20de%20Assis%2C%20735%20-%20Centro%2C%20Osasco%20-%20SP%2C%2016480-011!5e0!3m2!1spt-BR!2sbr!4v1700148199353!5m2!1spt-BR!2sbr"" width=""600"" height=""450"" style=""border:0;"" allowfullscreen="""" loading=""lazy"" referrerpolicy=""no-referrer-when-downgrade""></iframe>",11,"a:3:{i:0;s:7:""0-vagas"";i:1;s:6:""1-vaga"";i:2;s:7:""2-vagas"";}",3,231616,"a:1:{i:0;s:7:""em-obra"";}"
231617,"Smart Moment",apartamento,"Av. Santo Antônio, 1218 - Vila Osasco, Osasco - SP","R$ 490.000,00",osasco,"a:3:{i:0;s:8:""1-quarto"";i:1;s:9:""2-quartos"";i:2;s:9:""3-quartos"";}","Feito para a sua família aproveitar os bons momentos.","O Smart Moment Bela Vista oferece comodidade e lazer completo, em uma região dinâmica e com tudo ao seu alcance. Desfrute novas experiências com as melhores companhias em um lugar acolhedor e belo até no nome.","<iframe src=""https://www.google.com/maps/embed?pb=!1m18!1m12!1m3!1d3657.823909111466!2d-46.78372892361982!3d-23.53883506076694!2m3!1f0!2f0!3f0!3m2!1i1024!2i768!4f13.1!3m3!1m2!1s0x94ceff6cb40d4d1d%3A0xab119a977c84a6e2!2sSmart%20Moment%20Bela%20Vista!5e0!3m2!1spt-BR!2sbr!4v1700158465262!5m2!1spt-BR!2sbr"" width=""600"" height=""450"" style=""border:0;"" allowfullscreen="""" loading=""lazy"" referrerpolicy=""no-referrer-when-downgrade""></iframe>",10,"a:2:{i:0;s:6:""1-vaga"";i:1;s:7:""2-vagas"";}",5,231644,"a:1:{i:0;s:7:""em-obra"";}"
231647,"Smart Soul",apartamento,"Av. Santo Antônio, 1045 - Jardim Bela Vista, Osasco - SP","R$ 490.000,00",osasco,"a:2:{i:0;s:8:""1-quarto"";i:1;s:9:""2-quartos"";}","Descubra emoções em um Smart pensado para o seu novo momento.","Bem-estar, praticidade e lazer completo são algumas das características do Smart Soul Bela Vista, localizado em uma região dinâmica e que é bela até no nome. Desfrute do lugar ideal para você e sua família construírem uma nova história.

","<iframe src=""https://www.google.com/maps/embed?pb=!1m18!1m12!1m3!1d3657.7240627525985!2d-46.77981942361969!3d-23.54242506089881!2m3!1f0!2f0!3f0!3m2!1i1024!2i768!4f13.1!3m3!1m2!1s0x94cefff38255d0af%3A0xdd778c97f7910820!2sSmart%20Soul%20Bela%20Vista!5e0!3m2!1spt-BR!2sbr!4v1700159245685!5m2!1spt-BR!2sbr"" width=""600"" height=""450"" style=""border:0;"" allowfullscreen="""" loading=""lazy"" referrerpolicy=""no-referrer-when-downgrade""></iframe>",10,"a:2:{i:0;s:6:""1-vaga"";i:1;s:7:""2-vagas"";}",2,231668,"a:1:{i:0;s:7:""em-obra"";}"
232001,Florà,apartamento,"Alameda Walker, 139 - Alphaville Empresarial, Barueri - SP","R$ 6.720.000,00",barueri,"a:2:{i:0;s:9:""3-quartos"";i:1;s:9:""4-quartos"";}","Além do extraordinário","Transcendemos o inimaginável e redefinimos o conceito de sofisticação e exclusividade em Alphaville.
Um empreendimento inspirado na natureza dentro de um condomínio fechado, em uma tranquila rua sem saída, integrado a uma área de preservação ambiental de 22 mil m². Um lugar para se conectar com o verde e desfrutar de prazeres e experiências exclusivas de alto padrão que despertam os sentidos e agradam a alma.","<iframe src=""https://www.google.com/maps/embed?pb=!1m18!1m12!1m3!1d914.8044095389118!2d-46.861959030349!3d-23.4886691686986!2m3!1f0!2f0!3f0!3m2!1i1024!2i768!4f13.1!3m3!1m2!1s0x94cf024b9b9d6fa9%3A0xf9d34722970c87bb!2sAlameda%20Walker%20-%20Alphaville%20Empresarial%2C%20Barueri%20-%20SP!5e0!3m2!1spt-BR!2sbr!4v1701884082705!5m2!1spt-BR!2sbr"" width=""600"" height=""450"" style=""border:0;"" allowfullscreen="""" loading=""lazy"" referrerpolicy=""no-referrer-when-downgrade""></iframe>",10,"a:2:{i:0;s:7:""5-vagas"";i:1;s:8:""+6-vagas"";}",2,232021,"a:1:{i:0;s:7:""em-obra"";}"
232034,"We Novo Osasco",apartamento,"R. Aparecida Ivone Munhoz, 418 - Novo Osasco, Osasco - SP","R$ 180.000,00",osasco,"a:2:{i:0;s:8:""1-quarto"";i:1;s:9:""2-quartos"";}","Um lugar tranquilo e prático, perto de tudo o que sua família mais precisa.","Excelente oportunidade de residência em proximidade a importantes rodovias, facilitando o acesso a uma variedade de locais essenciais, tais como escolas, clubes, renomadas lojas, supermercados, shoppings e serviços públicos. 

Além disso, a localização proporciona um acesso descomplicado à Rodovia Presidente Castelo Branco e ao Rodoanel, conferindo praticidade e conveniência aos moradores.","<iframe src=""https://www.google.com/maps/embed?pb=!1m14!1m8!1m3!1d14628.114843983833!2d-46.7967434!3d-23.5674123!3m2!1i1024!2i768!4f13.1!3m3!1m2!1s0x94ce556834f8daef%3A0x6e6856230a91500a!2sWe%20Novo%20Osasco!5e0!3m2!1spt-BR!2sbr!4v1702075442848!5m2!1spt-BR!2sbr"" width=""600"" height=""450"" style=""border:0;"" allowfullscreen="""" loading=""lazy"" referrerpolicy=""no-referrer-when-downgrade""></iframe>",1,"a:2:{i:0;s:7:""0-vagas"";i:1;s:6:""1-vaga"";}",2,232046,"a:1:{i:0;s:7:""em-obra"";}"
232049,Ilumini,apartamento,"R. Antônia Bizarro, 333 - Vila Osasco, Osasco - SP","R$ 665.000,00",osasco,"a:2:{i:0;s:9:""2-quartos"";i:1;s:9:""3-quartos"";}","Para brilhar nos céus do Bela Vista.","Concebido em um projeto com áreas extremamente iluminadas, o EDIFÍDIO ILUMINI BELA VISTA traduz verdadeiramente o sentido da palavra “luz própria”. Assim como um girassol que se posiciona em direção a luz, os ambientes do ILUMINI foram concebidos para serem contemplados por imensa ventilação e iluminação natural. 

Um projeto charmoso e sofisticado, de arquitetura moderna, para recepcionar e fazer brilhar seus caminhos todos os dias em que você volta para casa. Segurança planejada e lazer para todos os gostos e idades, com áreas para curtir sua liberdade em um belo dia de sol, são pontos marcantes no ILUMINI.
Plantas amplas e confortáveis, todas com varanda grill, são beneficiadas por imensa luz natural e clareiam sua vida com um toque de sofisticação.","<iframe src=""https://www.google.com/maps/embed?pb=!1m18!1m12!1m3!1d3657.7959717852164!2d-46.7863012197032!3d-23.539839606156026!2m3!1f0!2f0!3f0!3m2!1i1024!2i768!4f13.1!3m3!1m2!1s0x94ceff0c848e4cbd%3A0x9be100eed1ef1aa5!2sR.%20Ant%C3%B4nia%20Bizarro%2C%20333%20-%20Vila%20Osasco%2C%20Osasco%20-%20SP%2C%2006083-160!5e0!3m2!1spt-BR!2sbr!4v1702081980137!5m2!1spt-BR!2sbr"" width=""600"" height=""450"" style=""border:0;"" allowfullscreen="""" loading=""lazy"" referrerpolicy=""no-referrer-when-downgrade""></iframe>",7,"a:2:{i:0;s:6:""1-vaga"";i:1;s:7:""2-vagas"";}",2,232050,"a:1:{i:0;s:7:""em-obra"";}"
